Ref,Val,Package,PosX,PosY,Rot,Side
"C511","1u / U404 VIN","C_0603_1608Metric",15.500000,-61.000000,90.000000,bottom
"R512","10k / GPIO3","R_0402_1005Metric",93.500000,-46.000000,-90.000000,bottom
"R615","5.23k","R_0603_1608Metric",18.500000,-15.500000,0.000000,bottom
"R616","30.1k","R_0603_1608Metric",18.500000,-18.000000,0.000000,bottom
"R801","22","R_0402_1005Metric",12.000000,-56.000000,0.000000,bottom
"R802","22","R_0402_1005Metric",15.500000,-50.500000,0.000000,bottom
"R803","22","R_0402_1005Metric",13.000000,-59.000000,0.000000,bottom
"R804","22","R_0402_1005Metric",13.000000,-61.000000,0.000000,bottom
"R812","100k","R_0402_1005Metric",86.500000,-43.000000,-90.000000,bottom
"C201","47n / CBOOT","C201_CBOOT_0603_SEED",43.920000,-5.250000,90.000000,top
"C202","1u / VBUS","C202_CVBUS_0603_ENVELOPE",60.100000,-61.500000,90.000000,top
"C203","10u / PMID","C203_CPMID_1206_ENVELOPE",50.195000,-2.600000,90.000000,top
"C204","330n / ILIM-RC","C204_ILIM_RC_0603_SEED",50.750000,-9.250000,90.000000,top
"C205","4.7u / REGN","C205_CREGN_0805_ENVELOPE",44.295000,-10.700000,-90.000000,top
"C206","10u / BAT","C206_CBAT_0805_ENVELOPE",49.195000,-10.400000,-90.000000,top
"C207","22u / CSYS1","C207_CSYS_0805_ENVELOPE",39.995000,-11.100000,-90.000000,top
"C208","22u / CSYS2","C208_CSYS_0805_ENVELOPE",42.195000,-11.100000,-90.000000,top
"C209","1u","C_0603_1608Metric",47.500000,-61.500000,180.000000,top
"C301","CPH3225A 11mF 3.3V RTC backup candidate","C_1210_3225Metric",45.000000,-22.500000,90.000000,top
"C302","100n / RTC VDD","C_0402_1005Metric",16.815000,-17.975000,90.000000,top
"C303","1u / BQ BAT","C_0402_1005Metric",44.750000,-15.250000,-90.000000,top
"C304","2.2u / BQ VDD","C_0402_1005Metric",36.000000,-18.250000,-90.000000,top
"C401","22u / VIN","C_0603_POWER_SEED",30.025000,-6.075000,-90.000000,top
"C402","22u / VOUT","C_0603_POWER_SEED",34.525000,-4.955000,90.000000,top
"C403","22u / VOUT","C_0603_POWER_SEED",34.375000,-6.855000,0.000000,top
"C501","22u / ESP32","C_0805_2012Metric",48.000000,-30.100000,0.000000,top
"C502","100n / ESP32","C_0402_1005Metric",55.800000,-30.650000,0.000000,top
"C503","100n / VDD_IO","C_0402_1005Metric",4.000000,-18.500000,0.000000,top
"C504","100n / VDD","C_0402_1005Metric",2.500000,-17.000000,90.000000,top
"C505","100n / AUDIO_VDD","C_0402_1005Metric",10.820000,-19.975000,0.000000,top
"C506","10u / AUDIO_VDD","C_0603_1608Metric",11.250000,-17.750000,0.000000,top
"C507","1u / U405 VIN","C_0603_1608Metric",36.500000,-20.250000,0.000000,top
"C508","1u / U402 VIN","C_0603_1608Metric",33.000000,-21.500000,180.000000,top
"C509","1u / U403 VIN","C_0603_1608Metric",40.000000,-17.250000,180.000000,top
"C510","1u / CHIP_PU","C_0603_1608Metric",74.000000,-53.750000,0.000000,top
"C512","100n / SD VDD","C_0402_1005Metric",10.500000,-25.000000,0.000000,top
"C513","10u / SD VDD","C_0603_1608Metric",19.750000,-24.500000,0.000000,top
"C601","100n / U601 VCC","C_0402_1005Metric",22.455000,-23.395000,180.000000,top
"C801","1u 25V X5R","C_0603_1608Metric",33.600000,-52.950000,0.000000,top
"C802","1u 25V X5R","C_0603_1608Metric",36.800000,-52.950000,0.000000,top
"C803","1u 25V X5R","C_0603_1608Metric",71.200000,-51.600000,90.000000,top
"C804","4.7u 25V X5R","C_0805_2012Metric",49.100000,-48.500000,0.000000,top
"C805","4.7u 25V X5R","C_0805_2012Metric",30.600000,-66.400000,0.000000,top
"C806","4.7u 25V X5R","C_0805_2012Metric",66.700000,-62.000000,0.000000,top
"C807","4.7u 25V X5R","C_0805_2012Metric",49.100000,-51.750000,90.000000,top
"C808","4.7u 25V X5R","C_0805_2012Metric",61.250000,-48.500000,180.000000,top
"C809","4.7u 25V X5R","C_0805_2012Metric",45.350000,-52.200000,0.000000,top
"C810","1u 25V X7R","C_0805_2012Metric",69.600000,-48.300000,0.000000,top
"C811","100n 25V X7R","C_0603_1608Metric",46.300000,-54.150000,0.000000,top
"C812","100n 25V X7R","C_0603_1608Metric",33.600000,-56.850000,0.000000,top
"C813","100n 25V X7R","C_0603_1608Metric",43.100000,-54.150000,180.000000,top
"C903","1u / CW2217 VCELL","C_0603_1608Metric",48.000000,-32.500000,0.000000,top
"C920","4.7uF 16V X7R / FL_CIN","C_0805_2012Metric",2.500000,-57.000000,0.000000,top
"C921","1uF 10V X7R / FL_VIN","C_0402_1005Metric",8.500000,-57.000000,0.000000,top
"C922","1uF 10V X7R / FL_VDC","C_0402_1005Metric",11.000000,-57.000000,0.000000,top
"C923","4.7uF 50V X7R / FL_COUT","C_1206_3216Metric",17.600000,-51.000000,0.000000,top
"D201","TPD4E05U06DQAR","USON-10_2.5x1.0mm_P0.5mm",39.000000,-57.500000,90.000000,top
"D202","TPD1E10B06DPYR","Texas_DPY0002A_0.6x1mm_P0.65mm",48.600000,-60.000000,180.000000,top
"D801","MBR0530T1G","D_SOD-123",29.375000,-52.695000,180.000000,top
"D802","MBR0530T1G","D_SOD-123",40.875000,-51.695000,180.000000,top
"D803","MBR0530T1G","D_SOD-123",65.600000,-59.800000,0.000000,top
"D905","B5819W SL / FL_RECT","D_SOD-123",12.750000,-51.000000,0.000000,top
"J201","USB4500-03-0-A","USB4500_08mm_MidMount_LayoutReview",39.000000,-68.000000,0.000000,top
"J301","DF58-2P-1.2V(21)","Hirose_DF58-2P-1.2V_1x02_P1.2mm_Vertical",49.750000,-23.000000,0.000000,top
"J302","SM03B-SRSS-TB NTC","JST_SH_SM03B-SRSS-TB_1x03-1MP_P1.00mm_Horizontal",49.250000,-16.500000,90.000000,top
"J501","104031-0811 / microSD","microSD_HC_Molex_104031-0811",88.800000,-18.750000,-90.000000,top
"J502","SM02B-SRSS-TB","JST_SH_SM02B-SRSS-TB_1x02-1MP_P1.00mm_Horizontal",9.000000,-13.500000,0.000000,top
"J802","FH12-24S-0.5SH(55)","Hirose_FH12-24S-0.5SH_1x24-1MP_P0.50mm_Horizontal",61.000000,-52.500000,0.000000,top
"J803","FH34SRJ-6S-0.5SH(50)","FH34SRJ-6S-0.5SH_50",6.350000,-39.370000,0.000000,top
"J804","FH34SRJ-6S-0.5SH(50)","FH34SRJ-6S-0.5SH_50",6.350000,-45.500000,0.000000,top
"L401","0.47uH / M0-PENDING","L401_XFL4015_ENVELOPE",31.725000,-2.975000,0.000000,top
"L402","2.2u / BQ buck","L402_2U2_ENVELOPE",40.995000,-7.100000,180.000000,top
"L801","47u 0.25A","L_Taiyo_NRH3010_3030",42.900000,-56.800000,-90.000000,top
"L905","10uH / FL_BOOST","L_Sunlord_SWPA252012S",8.750000,-51.000000,0.000000,top
"Q801","NX3008NBK,215","SOT-23",45.200000,-49.300000,0.000000,top
"R201","5.6k / ILIM","R201_ILIM_0603_SEED",52.000000,-2.000000,90.000000,top
"R204","1.2k / ILIM-RC","R204_ILIM_RC_0603_SEED",46.250000,-2.500000,90.000000,top
"R206","5.1k ±5% / USB-C Rd","R_0402_1005Metric",54.000000,-61.400000,90.000000,top
"R207","5.1k ±5% / USB-C Rd","R_0402_1005Metric",56.000000,-61.700000,90.000000,top
"R303","10k / RTC EVI PU","R_0402_1005Metric",13.715000,-22.175000,-90.000000,top
"R306","10m / CW2217 SHUNT","R_1206_3216Metric",36.000000,-9.250000,0.000000,top
"R501","100k / IMU_INT1","R_0402_1005Metric",2.500000,-24.000000,0.000000,top
"R502","100k / EXP_INT_PU","R_0402_1005Metric",27.000000,-5.000000,0.000000,top
"R507","100k / AUDIO_EN_PD","R_0402_1005Metric",45.000000,-12.500000,0.000000,top
"R508","0R / MB6 AUDIO","R_0805_2012Metric",31.000000,-18.750000,-90.000000,top
"R509","0R / MB2 3V3_AON","R_0805_2012Metric",54.500000,-5.250000,180.000000,top
"R510","10k / CHIP_PU","R_0402_1005Metric",74.000000,-51.000000,180.000000,top
"R511","10k / GPIO0","R_0402_1005Metric",74.000000,-56.500000,90.000000,top
"R513","10k / GPIO46","R_0402_1005Metric",74.800000,-49.000000,0.000000,top
"R514","0R / MB3 SD","R_0805_2012Metric",33.000000,-14.500000,0.000000,top
"R515","0R / MB4 TOUCH","R_0805_2012Metric",43.000000,-14.500000,90.000000,top
"R516","0R / MB5 EPD","R_0805_2012Metric",21.650000,-10.200000,90.000000,top
"R517","0R / SD series","R_0603_1608Metric",63.500000,-28.000000,0.000000,top
"R518","0R / SD series","R_0603_1608Metric",33.000000,-27.000000,0.000000,top
"R519","0R / SD series","R_0603_1608Metric",27.000000,-27.000000,0.000000,top
"R520","0R / SD series","R_0603_1608Metric",57.000000,-27.000000,0.000000,top
"R521","0R / SD series","R_0603_1608Metric",13.500000,-28.000000,0.000000,top
"R522","0R / SD series","R_0603_1608Metric",57.000000,-29.000000,0.000000,top
"R523","10k / SD pull-up","R_0402_1005Metric",24.500000,-24.500000,0.000000,top
"R524","10k / SD pull-up","R_0402_1005Metric",28.000000,-24.500000,0.000000,top
"R525","10k / SD pull-up","R_0402_1005Metric",34.000000,-24.500000,0.000000,top
"R526","10k / SD pull-up","R_0402_1005Metric",13.000000,-19.250000,0.000000,top
"R527","10k / SD pull-up","R_0402_1005Metric",19.250000,-16.250000,0.000000,top
"R528","10k","R_0402_1005Metric",74.000000,-59.250000,90.000000,top
"R529","22","R_0402_1005Metric",71.500000,-59.000000,0.000000,top
"R530","22","R_0402_1005Metric",69.500000,-61.500000,0.000000,top
"R600","10k 1% / PG_PU","R_0402_1005Metric",24.500000,-23.250000,180.000000,top
"R601","100k / FL_HWEN_PD","R_0402_1005Metric",21.000000,-17.750000,90.000000,top
"R604","100k / SD_EN_PD","R_0402_1005Metric",42.000000,-24.500000,0.000000,top
"R605","100k / TOUCH_EN_PD","R_0402_1005Metric",40.000000,-13.500000,0.000000,top
"R606","100k / EPD_EN_PD","R_0402_1005Metric",27.000000,-3.750000,0.000000,top
"R607","100k / BQ_CE_PD","R_0402_1005Metric",42.550000,-1.600000,0.000000,top
"R608","100k / FUEL_PU","R_0402_1005Metric",26.750000,-10.000000,0.000000,top
"R609","100k / BQ_INT_PU","R_0402_1005Metric",38.000000,-11.500000,0.000000,top
"R610","100k / BQ_STAT_PU","R_0402_1005Metric",47.000000,-12.500000,0.000000,top
"R611","100k / KEY_FN_PU","R_0402_1005Metric",19.800000,-15.300000,180.000000,top
"R612","100k / SD_CD_PU","R_0402_1005Metric",12.500000,-25.000000,180.000000,top
"R613","2.2k / I2C_SCL_PU A","R_0402_1005Metric",16.750000,-14.000000,180.000000,top
"R614","2.2k / I2C_SDA_PU A","R_0402_1005Metric",16.750000,-12.750000,180.000000,top
"R805","22","R_0402_1005Metric",37.600000,-50.550000,90.000000,top
"R806","100","R_0402_1005Metric",50.800000,-50.950000,90.000000,top
"R807","100k","R_0402_1005Metric",50.550000,-54.200000,0.000000,top
"R808","100k","R_0402_1005Metric",36.850000,-54.400000,0.000000,top
"R809","100k","R_0402_1005Metric",33.200000,-54.200000,0.000000,top
"R810","100k","R_0402_1005Metric",36.250000,-56.800000,0.000000,top
"R811","100k","R_0402_1005Metric",29.600000,-50.100000,0.000000,top
"R813","2.2 1%","R_0603_1608Metric",35.275000,-51.195000,0.000000,top
"R814","10k","R_0402_1005Metric",52.000000,-48.400000,0.000000,top
"R903","100R / CW2217 VDD","R_0603_1608Metric",37.000000,-31.000000,0.000000,top
"R904","100R / CW2217 VCELL","R_0603_1608Metric",37.000000,-34.000000,0.000000,top
"R910","10k / TOUCH_INT_PU","R_0402_1005Metric",12.700000,-38.500000,0.000000,top
"R911","10k / TOUCH_RST_PU","R_0402_1005Metric",12.700000,-41.000000,0.000000,top
"R920","10R 1% / FL_VIN_RC","R_0603_1608Metric",5.750000,-57.000000,0.000000,top
"R922","100k / FL_PWM_PD","R_0402_1005Metric",13.500000,-57.000000,0.000000,top
"SW201","SKSCLCE010","SW_Alps_SKSCLCE010",2.300000,-6.750000,-90.000000,top
"SW202","SKSCLCE010","SW_Alps_SKSCLCE010",2.300000,-13.250000,-90.000000,top
"U302","RV-3028-C7","MicroCrystal_C7_SON-8_1.5x3.2mm_P0.9mm",18.215000,-20.675000,90.000000,top
"U402","TPS22916CYFPT","TPS22916CYFPT_YFP0004",33.000000,-17.500000,-90.000000,top
"U403","TPS22916CYFPT","TPS22916CYFPT_YFP0004",37.500000,-17.500000,-90.000000,top
"U404","TPS22916CYFPT","TPS22916CYFPT_YFP0004",23.500000,-30.500000,-90.000000,top
"U405","TPS22916CYFPT","TPS22916CYFPT_YFP0004",36.500000,-22.000000,90.000000,top
"U501","ESP32-S3-WROOM-1U-N16R8","ESP32-S3-WROOM-1U",85.600000,-58.620000,180.000000,top
"U503","QMI8658A","LGA-14_3x2.5mm_P0.5mm_LayoutBorder3x4y",2.500000,-21.000000,90.000000,top
"U601","XL9535","TCA9535PWR_PW0024A",25.655000,-18.195000,180.000000,top
"U801","AIP74LVC2G17GC363.TR","SOT-363_SC-70-6",45.850000,-58.300000,90.000000,top
"U802","AIP74LVC2G17GC363.TR","SOT-363_SC-70-6",28.250000,-58.700000,90.000000,top
"U803","AIP74LVC2G17GC363.TR","SOT-363_SC-70-6",30.700000,-58.700000,90.000000,top
"U901","SGM41513YTQF24G/TR","SGM41513_YTQF24_4x4_P0.5_EP2.7",47.200000,-6.800000,0.000000,top
"U902","SGM62125AXG/TR","SGM62125_XG_WLCSP15_1.46x2.3_P0.4",31.725000,-6.975000,0.000000,top
"U903","CW2217BAAD","CW2217BAAD_DFN12_L4.0_W2.5_P0.4_EP",42.600000,-32.650000,0.000000,top
"U904","NS4168","NS4168_ESOP8_EP_L4.9_W3.9_P1.27",13.750000,-33.000000,0.000000,top
"U905","SGM37601YTRL20G/TR","SGM37601_TQFN20_3P5x3P5_EP2P05",4.000000,-52.500000,0.000000,top
