refs,value,footprint,current_mpn,tolerance,voltage_rating,power_rating,qty_refs,domestic_check,target_mpn,target_vendor,catalog_sku,check_reason
C201,47n / CBOOT,panda-standard:C201_CBOOT_0603_SEED,,,,,1,BLOCKED_NO_EXACT_MAINLAND_EVIDENCE,,,,exact mainland MPN with full value/package/tolerance/voltage/dielectric/current evidence not proven in current public catalogs
C202,1u / VBUS,panda-standard:C202_CVBUS_0603_ENVELOPE,,,,,1,BLOCKED_NO_EXACT_MAINLAND_EVIDENCE,,,,exact mainland MPN with full value/package/tolerance/voltage/dielectric/current evidence not proven in current public catalogs
C203,10u / PMID,panda-standard:C203_CPMID_1206_ENVELOPE,,,,,1,BLOCKED_NO_EXACT_MAINLAND_EVIDENCE,,,,exact mainland MPN with full value/package/tolerance/voltage/dielectric/current evidence not proven in current public catalogs
C204,330n / ILIM-RC,panda-standard:C204_ILIM_RC_0603_SEED,,,,,1,BLOCKED_NO_EXACT_MAINLAND_EVIDENCE,,,,exact mainland MPN with full value/package/tolerance/voltage/dielectric/current evidence not proven in current public catalogs
C205,4.7u / REGN,panda-standard:C205_CREGN_0805_ENVELOPE,,,,,1,BLOCKED_NO_EXACT_MAINLAND_EVIDENCE,,,,exact mainland MPN with full value/package/tolerance/voltage/dielectric/current evidence not proven in current public catalogs
C206,10u / BAT,panda-standard:C206_CBAT_0805_ENVELOPE,,,,,1,BLOCKED_NO_EXACT_MAINLAND_EVIDENCE,,,,exact mainland MPN with full value/package/tolerance/voltage/dielectric/current evidence not proven in current public catalogs
C207,22u / CSYS1,panda-standard:C207_CSYS_0805_ENVELOPE,,,,,1,BLOCKED_NO_EXACT_MAINLAND_EVIDENCE,,,,exact mainland MPN with full value/package/tolerance/voltage/dielectric/current evidence not proven in current public catalogs
C208,22u / CSYS2,panda-standard:C208_CSYS_0805_ENVELOPE,,,,,1,BLOCKED_NO_EXACT_MAINLAND_EVIDENCE,,,,exact mainland MPN with full value/package/tolerance/voltage/dielectric/current evidence not proven in current public catalogs
C209,1u,Capacitor_SMD:C_0603_1608Metric,,,,,1,SELECTED_C4C,0603B105K250NT,Fenghua Advanced,C59302,1uF 25V X7R 0603 exact catalog evidence
C210,2.2u,Capacitor_SMD:C_0603_1608Metric,,,,,1,BLOCKED_NO_EXACT_MAINLAND_EVIDENCE,,,,exact mainland MPN with full value/package/tolerance/voltage/dielectric/current evidence not proven in current public catalogs
"C211,C212,C213,C214",100n,Capacitor_SMD:C_0402_1005Metric,,,,,4,SELECTED_C4C,0402B104K250NT,Fenghua Advanced,C56392,100nF 25V X7R 0402 exact catalog evidence
C215,1n,Capacitor_SMD:C_0402_1005Metric,,,,,1,BLOCKED_NO_EXACT_MAINLAND_EVIDENCE,,,,C0G/NP0 dielectric requirement; no exact mainland 0402 >=25V C0G record proven
C301,CPH3225A 11mF 3.3V RTC backup candidate,Capacitor_SMD:C_1210_3225Metric,,,,,1,BLOCKED_NO_EXACT_MAINLAND_EVIDENCE,,,,exact mainland MPN with full value/package/tolerance/voltage/dielectric/current evidence not proven in current public catalogs
C302,100n / RTC VDD,Capacitor_SMD:C_0402_1005Metric,,,,,1,SELECTED_C4C,0402B104K250NT,Fenghua Advanced,C56392,100nF 25V X7R 0402 exact catalog evidence
C303,1u / BQ BAT,Capacitor_SMD:C_0402_1005Metric,,,,,1,BLOCKED_NO_EXACT_MAINLAND_EVIDENCE,,,,exact mainland MPN with full value/package/tolerance/voltage/dielectric/current evidence not proven in current public catalogs
C304,2.2u / BQ VDD,Capacitor_SMD:C_0402_1005Metric,,,,,1,BLOCKED_NO_EXACT_MAINLAND_EVIDENCE,,,,legacy charger inductor is removed by C4-PWR with AXP2101; no need to force old-footprint domestic part
C401,22u / VIN,panda-standard:C_0603_POWER_SEED,,,,,1,BLOCKED_NO_EXACT_MAINLAND_EVIDENCE,,,,exact mainland MPN with full value/package/tolerance/voltage/dielectric/current evidence not proven in current public catalogs
"C402,C403",22u / VOUT,panda-standard:C_0603_POWER_SEED,,,,,2,BLOCKED_NO_EXACT_MAINLAND_EVIDENCE,,,,exact mainland MPN with full value/package/tolerance/voltage/dielectric/current evidence not proven in current public catalogs
C501,22u / ESP32,Capacitor_SMD:C_0805_2012Metric,,,,,1,BLOCKED_NO_EXACT_MAINLAND_EVIDENCE,,,,exact mainland MPN with full value/package/tolerance/voltage/dielectric/current evidence not proven in current public catalogs
C502,100n / ESP32,Capacitor_SMD:C_0402_1005Metric,,,,,1,SELECTED_C4C,0402B104K250NT,Fenghua Advanced,C56392,100nF 25V X7R 0402 exact catalog evidence
C503,100n / VDD_IO,Capacitor_SMD:C_0402_1005Metric,,,,,1,SELECTED_C4C,0402B104K250NT,Fenghua Advanced,C56392,100nF 25V X7R 0402 exact catalog evidence
C504,100n / VDD,Capacitor_SMD:C_0402_1005Metric,,,,,1,SELECTED_C4C,0402B104K250NT,Fenghua Advanced,C56392,100nF 25V X7R 0402 exact catalog evidence
C505,100n / AUDIO_VDD,Capacitor_SMD:C_0402_1005Metric,,,,,1,SELECTED_C4C,0402B104K250NT,Fenghua Advanced,C56392,100nF 25V X7R 0402 exact catalog evidence
C506,10u / AUDIO_VDD,Capacitor_SMD:C_0603_1608Metric,,,,,1,BLOCKED_NO_EXACT_MAINLAND_EVIDENCE,,,,exact mainland MPN with full value/package/tolerance/voltage/dielectric/current evidence not proven in current public catalogs
C507,1u / U405 VIN,Capacitor_SMD:C_0603_1608Metric,,,,,1,SELECTED_C4C,0603B105K250NT,Fenghua Advanced,C59302,1uF 25V X7R 0603 exact catalog evidence
C508,1u / U402 VIN,Capacitor_SMD:C_0603_1608Metric,,,,,1,SELECTED_C4C,0603B105K250NT,Fenghua Advanced,C59302,1uF 25V X7R 0603 exact catalog evidence
C509,1u / U403 VIN,Capacitor_SMD:C_0603_1608Metric,,,,,1,SELECTED_C4C,0603B105K250NT,Fenghua Advanced,C59302,1uF 25V X7R 0603 exact catalog evidence
C510,1u / CHIP_PU,Capacitor_SMD:C_0603_1608Metric,,,,,1,SELECTED_C4C,0603B105K250NT,Fenghua Advanced,C59302,1uF 25V X7R 0603 exact catalog evidence
C511,1u / U404 VIN,Capacitor_SMD:C_0603_1608Metric,,,,,1,SELECTED_C4C,0603B105K250NT,Fenghua Advanced,C59302,1uF 25V X7R 0603 exact catalog evidence
C512,100n / SD VDD,Capacitor_SMD:C_0402_1005Metric,,,,,1,SELECTED_C4C,0402B104K250NT,Fenghua Advanced,C56392,100nF 25V X7R 0402 exact catalog evidence
C513,10u / SD VDD,Capacitor_SMD:C_0603_1608Metric,,,,,1,BLOCKED_NO_EXACT_MAINLAND_EVIDENCE,,,,exact mainland MPN with full value/package/tolerance/voltage/dielectric/current evidence not proven in current public catalogs
"C514,C515",DNP / USB tuning,Capacitor_SMD:C_0402_1005Metric,,,,,2,BLOCKED_NO_EXACT_MAINLAND_EVIDENCE,,,,DNP in current design; procurement MPN not required until population decision changes
C601,100n / U601 VCC,Capacitor_SMD:C_0402_1005Metric,,,,,1,SELECTED_C4C,0402B104K250NT,Fenghua Advanced,C56392,100nF 25V X7R 0402 exact catalog evidence
"C801,C802,C803",1u 25V X5R,Capacitor_SMD:C_0603_1608Metric,GRM188R61E105KA12D,,,,3,SELECTED_C4C,0603B105K250NT,Fenghua Advanced,C59302,1uF 25V X7R 0603 exact catalog evidence
"C804,C805,C806,C807,C808,C809",4.7u 25V X5R,Capacitor_SMD:C_0805_2012Metric,GRM21BR61E475KA12L,,,,6,BLOCKED_NO_EXACT_MAINLAND_EVIDENCE,,,,current Murata MPN is foreign; no exact mainland substitute with all value/dielectric/voltage/DC-bias evidence proven in this pass
C810,1u 25V X7R,Capacitor_SMD:C_0805_2012Metric,GRM21BR71E105KA99L,,,,1,BLOCKED_NO_EXACT_MAINLAND_EVIDENCE,,,,current Murata MPN is foreign; no exact mainland substitute with all value/dielectric/voltage/DC-bias evidence proven in this pass
"C811,C812,C813",100n 25V X7R,Capacitor_SMD:C_0603_1608Metric,GRM188R71E104KA01D,,,,3,BLOCKED_NO_EXACT_MAINLAND_EVIDENCE,,,,current Murata MPN is foreign; no exact mainland substitute with all value/dielectric/voltage/DC-bias evidence proven in this pass
L401,0.47uH / M0-PENDING,panda-standard:L401_XFL4015_ENVELOPE,,,,,1,BLOCKED_NO_EXACT_MAINLAND_EVIDENCE,,,,legacy buck-boost inductor is removed by C4-PWR if SGM62118 redesign lands; no need to force old-footprint domestic part
L402,2.2u / BQ buck,panda-standard:L402_2U2_ENVELOPE,,,,,1,BLOCKED_NO_EXACT_MAINLAND_EVIDENCE,,,,legacy charger inductor is removed by C4-PWR with AXP2101; no need to force old-footprint domestic part
L801,47u 0.25A,panda-r6-display:L_Taiyo_NRH3010_3030,LSXNE3030KKT470MN,,,,1,BLOCKED_NO_EXACT_MAINLAND_EVIDENCE,,,,EPD inductor requires exact 47uH current/DCR/height/footprint evidence; mainland exact candidate not proven
R201,5.6k / ILIM,panda-standard:R201_ILIM_0603_SEED,,,,,1,BLOCKED_NO_EXACT_MAINLAND_EVIDENCE,,,,exact mainland MPN with full value/package/tolerance/voltage/dielectric/current evidence not proven in current public catalogs
R204,1.2k / ILIM-RC,panda-standard:R204_ILIM_RC_0603_SEED,,,,,1,BLOCKED_NO_EXACT_MAINLAND_EVIDENCE,,,,exact mainland MPN with full value/package/tolerance/voltage/dielectric/current evidence not proven in current public catalogs
R205,887k,Resistor_SMD:R_0402_1005Metric,,,,,1,BLOCKED_NO_EXACT_MAINLAND_EVIDENCE,,,,exact mainland MPN with full value/package/tolerance/voltage/dielectric/current evidence not proven in current public catalogs
"R206,R207",4.7k,Resistor_SMD:R_0402_1005Metric,,,,,2,BLOCKED_NO_EXACT_MAINLAND_EVIDENCE,,,,exact mainland MPN with full value/package/tolerance/voltage/dielectric/current evidence not proven in current public catalogs
R208,47k,Resistor_SMD:R_0402_1005Metric,0402WGF4702TCE,1%,50V,62.5mW,1,BLOCKED_NO_EXACT_MAINLAND_EVIDENCE,,,,"current exact MPN is UNI-ROYAL; mainland-China manufacturer criterion not established, so not counted domestic"
R209,1k,Resistor_SMD:R_0603_1608Metric,,,,,1,BLOCKED_NO_EXACT_MAINLAND_EVIDENCE,,,,exact mainland MPN with full value/package/tolerance/voltage/dielectric/current evidence not proven in current public catalogs
R210,105k,Resistor_SMD:R_0402_1005Metric,,,,,1,BLOCKED_NO_EXACT_MAINLAND_EVIDENCE,,,,precision function requires 0.1% and <=25ppm; no exact mainland value/package evidence met both
R211,10k,Resistor_SMD:R_0402_1005Metric,,,,,1,BLOCKED_NO_EXACT_MAINLAND_EVIDENCE,,,,exact mainland MPN with full value/package/tolerance/voltage/dielectric/current evidence not proven in current public catalogs
"R213,R214,R807,R808,R809,R810,R811,R812",100k,Resistor_SMD:R_0402_1005Metric,0402WGF1003TCE,1%,50V,62.5mW,8,BLOCKED_NO_EXACT_MAINLAND_EVIDENCE,,,,"current exact MPN is UNI-ROYAL; mainland-China manufacturer criterion not established, so not counted domestic"
R301,1M / SCL PD DNP,Resistor_SMD:R_0402_1005Metric,,,,,1,BLOCKED_NO_EXACT_MAINLAND_EVIDENCE,,,,DNP in current design; procurement MPN not required until population decision changes
R302,1M / SDA PD DNP,Resistor_SMD:R_0402_1005Metric,,,,,1,BLOCKED_NO_EXACT_MAINLAND_EVIDENCE,,,,DNP in current design; procurement MPN not required until population decision changes
R303,10k / RTC EVI PU,Resistor_SMD:R_0402_1005Metric,0402WGF1002TCE,1%,50V,62.5mW,1,BLOCKED_NO_EXACT_MAINLAND_EVIDENCE,,,,"current exact MPN is UNI-ROYAL; mainland-China manufacturer criterion not established, so not counted domestic"
R304,10k / VBACKUP no-backup / DNP with C301,Resistor_SMD:R_0402_1005Metric,,,,,1,BLOCKED_NO_EXACT_MAINLAND_EVIDENCE,,,,DNP in current design; procurement MPN not required until population decision changes
R305,100k / IRQ PU DNP,Resistor_SMD:R_0402_1005Metric,,,,,1,BLOCKED_NO_EXACT_MAINLAND_EVIDENCE,,,,DNP in current design; procurement MPN not required until population decision changes
R306,0R / MB1 BAT,Resistor_SMD:R_0805_2012Metric,,,,,1,BLOCKED_NO_EXACT_MAINLAND_EVIDENCE,,,,"mainland 0805 0R exists, but required >=2A (prefer 3A) current rating not proven"
R307,10k / BIN PD,Resistor_SMD:R_0402_1005Metric,0402WGF1002TCE,1%,50V,62.5mW,1,BLOCKED_NO_EXACT_MAINLAND_EVIDENCE,,,,"current exact MPN is UNI-ROYAL; mainland-China manufacturer criterion not established, so not counted domestic"
R401,560k,panda-standard:R_0603_FEEDBACK_SEED,,,,,1,BLOCKED_NO_EXACT_MAINLAND_EVIDENCE,,,,precision function requires 0.1% and <=25ppm; no exact mainland value/package evidence met both
R402,100k,panda-standard:R_0603_FEEDBACK_SEED,,,,,1,BLOCKED_NO_EXACT_MAINLAND_EVIDENCE,,,,precision function requires 0.1% and <=25ppm; no exact mainland value/package evidence met both
R403,100k / PG,panda-standard:R_0603_FEEDBACK_SEED,,,,,1,BLOCKED_NO_EXACT_MAINLAND_EVIDENCE,,,,exact mainland MPN with full value/package/tolerance/voltage/dielectric/current evidence not proven in current public catalogs
R501,100k / IMU_INT1,Resistor_SMD:R_0402_1005Metric,0402WGF1003TCE,1%,50V,62.5mW,1,BLOCKED_NO_EXACT_MAINLAND_EVIDENCE,,,,"current exact MPN is UNI-ROYAL; mainland-China manufacturer criterion not established, so not counted domestic"
R502,100k / EXP_INT_PU,Resistor_SMD:R_0402_1005Metric,0402WGF1003TCE,1%,50V,62.5mW,1,BLOCKED_NO_EXACT_MAINLAND_EVIDENCE,,,,"current exact MPN is UNI-ROYAL; mainland-China manufacturer criterion not established, so not counted domestic"
R503,10k / SD_MODE,Resistor_SMD:R_0402_1005Metric,0402WGF1002TCE,1%,50V,62.5mW,1,BLOCKED_NO_EXACT_MAINLAND_EVIDENCE,,,,"current exact MPN is UNI-ROYAL; mainland-China manufacturer criterion not established, so not counted domestic"
R504,0R / GAIN 12dB,Resistor_SMD:R_0402_1005Metric,,,,,1,BLOCKED_NO_EXACT_MAINLAND_EVIDENCE,,,,exact mainland MPN with full value/package/tolerance/voltage/dielectric/current evidence not proven in current public catalogs
R505,100k / GAIN 15dB DNP,Resistor_SMD:R_0402_1005Metric,,,,,1,BLOCKED_NO_EXACT_MAINLAND_EVIDENCE,,,,DNP in current design; procurement MPN not required until population decision changes
R506,0R / GAIN 6dB DNP,Resistor_SMD:R_0402_1005Metric,,,,,1,BLOCKED_NO_EXACT_MAINLAND_EVIDENCE,,,,DNP in current design; procurement MPN not required until population decision changes
R507,100k / AUDIO_EN_PD,Resistor_SMD:R_0402_1005Metric,0402WGF1003TCE,1%,50V,62.5mW,1,BLOCKED_NO_EXACT_MAINLAND_EVIDENCE,,,,"current exact MPN is UNI-ROYAL; mainland-China manufacturer criterion not established, so not counted domestic"
R508,0R / MB6 AUDIO,Resistor_SMD:R_0805_2012Metric,,,,,1,BLOCKED_NO_EXACT_MAINLAND_EVIDENCE,,,,"mainland 0805 0R exists, but required >=2A (prefer 3A) current rating not proven"
R509,0R / MB2 3V3_AON,Resistor_SMD:R_0805_2012Metric,,,,,1,BLOCKED_NO_EXACT_MAINLAND_EVIDENCE,,,,"mainland 0805 0R exists, but required >=2A (prefer 3A) current rating not proven"
R510,10k / CHIP_PU,Resistor_SMD:R_0402_1005Metric,0402WGF1002TCE,1%,50V,62.5mW,1,BLOCKED_NO_EXACT_MAINLAND_EVIDENCE,,,,"current exact MPN is UNI-ROYAL; mainland-China manufacturer criterion not established, so not counted domestic"
R511,10k / GPIO0,Resistor_SMD:R_0402_1005Metric,0402WGF1002TCE,1%,50V,62.5mW,1,BLOCKED_NO_EXACT_MAINLAND_EVIDENCE,,,,"current exact MPN is UNI-ROYAL; mainland-China manufacturer criterion not established, so not counted domestic"
R512,10k / GPIO3,Resistor_SMD:R_0402_1005Metric,0402WGF1002TCE,1%,50V,62.5mW,1,BLOCKED_NO_EXACT_MAINLAND_EVIDENCE,,,,"current exact MPN is UNI-ROYAL; mainland-China manufacturer criterion not established, so not counted domestic"
R513,10k / GPIO46,Resistor_SMD:R_0402_1005Metric,0402WGF1002TCE,1%,50V,62.5mW,1,BLOCKED_NO_EXACT_MAINLAND_EVIDENCE,,,,"current exact MPN is UNI-ROYAL; mainland-China manufacturer criterion not established, so not counted domestic"
R514,0R / MB3 SD,Resistor_SMD:R_0805_2012Metric,,,,,1,BLOCKED_NO_EXACT_MAINLAND_EVIDENCE,,,,"mainland 0805 0R exists, but required >=2A (prefer 3A) current rating not proven"
R515,0R / MB4 TOUCH,Resistor_SMD:R_0805_2012Metric,,,,,1,BLOCKED_NO_EXACT_MAINLAND_EVIDENCE,,,,"mainland 0805 0R exists, but required >=2A (prefer 3A) current rating not proven"
R516,0R / MB5 EPD,Resistor_SMD:R_0805_2012Metric,,,,,1,BLOCKED_NO_EXACT_MAINLAND_EVIDENCE,,,,"mainland 0805 0R exists, but required >=2A (prefer 3A) current rating not proven"
"R517,R518,R519,R520,R521,R522",0R / SD series,Resistor_SMD:R_0603_1608Metric,,,,,6,BLOCKED_NO_EXACT_MAINLAND_EVIDENCE,,,,exact mainland MPN with full value/package/tolerance/voltage/dielectric/current evidence not proven in current public catalogs
"R523,R524,R525,R526,R527",10k / SD pull-up,Resistor_SMD:R_0402_1005Metric,0402WGF1002TCE,1%,50V,62.5mW,5,BLOCKED_NO_EXACT_MAINLAND_EVIDENCE,,,,"current exact MPN is UNI-ROYAL; mainland-China manufacturer criterion not established, so not counted domestic"
"R528,R602,R603,R212,R814",10k,Resistor_SMD:R_0402_1005Metric,0402WGF1002TCE,1%,50V,62.5mW,5,BLOCKED_NO_EXACT_MAINLAND_EVIDENCE,,,,"current exact MPN is UNI-ROYAL; mainland-China manufacturer criterion not established, so not counted domestic"
"R529,R530",22,Resistor_SMD:R_0402_1005Metric,,,,,2,BLOCKED_NO_EXACT_MAINLAND_EVIDENCE,,,,exact mainland MPN with full value/package/tolerance/voltage/dielectric/current evidence not proven in current public catalogs
R600,10k 1% / PG_PU,Resistor_SMD:R_0402_1005Metric,0402WGF1002TCE,1%,50V,62.5mW,1,BLOCKED_NO_EXACT_MAINLAND_EVIDENCE,,,,"current exact MPN is UNI-ROYAL; mainland-China manufacturer criterion not established, so not counted domestic"
R601,100k / P15_PD,Resistor_SMD:R_0402_1005Metric,0402WGF1003TCE,1%,50V,62.5mW,1,BLOCKED_NO_EXACT_MAINLAND_EVIDENCE,,,,"current exact MPN is UNI-ROYAL; mainland-China manufacturer criterion not established, so not counted domestic"
R604,100k / SD_EN_PD,Resistor_SMD:R_0402_1005Metric,0402WGF1003TCE,1%,50V,62.5mW,1,BLOCKED_NO_EXACT_MAINLAND_EVIDENCE,,,,"current exact MPN is UNI-ROYAL; mainland-China manufacturer criterion not established, so not counted domestic"
R605,100k / TOUCH_EN_PD,Resistor_SMD:R_0402_1005Metric,0402WGF1003TCE,1%,50V,62.5mW,1,BLOCKED_NO_EXACT_MAINLAND_EVIDENCE,,,,"current exact MPN is UNI-ROYAL; mainland-China manufacturer criterion not established, so not counted domestic"
R606,100k / EPD_EN_PD,Resistor_SMD:R_0402_1005Metric,0402WGF1003TCE,1%,50V,62.5mW,1,BLOCKED_NO_EXACT_MAINLAND_EVIDENCE,,,,"current exact MPN is UNI-ROYAL; mainland-China manufacturer criterion not established, so not counted domestic"
R607,100k / BQ_CE_PD,Resistor_SMD:R_0402_1005Metric,0402WGF1003TCE,1%,50V,62.5mW,1,BLOCKED_NO_EXACT_MAINLAND_EVIDENCE,,,,"current exact MPN is UNI-ROYAL; mainland-China manufacturer criterion not established, so not counted domestic"
R608,100k / FUEL_PU,Resistor_SMD:R_0402_1005Metric,0402WGF1003TCE,1%,50V,62.5mW,1,BLOCKED_NO_EXACT_MAINLAND_EVIDENCE,,,,"current exact MPN is UNI-ROYAL; mainland-China manufacturer criterion not established, so not counted domestic"
R609,100k / BQ_INT_PU,Resistor_SMD:R_0402_1005Metric,0402WGF1003TCE,1%,50V,62.5mW,1,BLOCKED_NO_EXACT_MAINLAND_EVIDENCE,,,,"current exact MPN is UNI-ROYAL; mainland-China manufacturer criterion not established, so not counted domestic"
R610,100k / BQ_STAT_PU,Resistor_SMD:R_0402_1005Metric,0402WGF1003TCE,1%,50V,62.5mW,1,BLOCKED_NO_EXACT_MAINLAND_EVIDENCE,,,,"current exact MPN is UNI-ROYAL; mainland-China manufacturer criterion not established, so not counted domestic"
R611,100k / KEY_FN_PU,Resistor_SMD:R_0402_1005Metric,0402WGF1003TCE,1%,50V,62.5mW,1,BLOCKED_NO_EXACT_MAINLAND_EVIDENCE,,,,"current exact MPN is UNI-ROYAL; mainland-China manufacturer criterion not established, so not counted domestic"
R612,100k / SD_CD_PU,Resistor_SMD:R_0402_1005Metric,0402WGF1003TCE,1%,50V,62.5mW,1,BLOCKED_NO_EXACT_MAINLAND_EVIDENCE,,,,"current exact MPN is UNI-ROYAL; mainland-China manufacturer criterion not established, so not counted domestic"
R613,2.2k / I2C_SCL_PU A,Resistor_SMD:R_0402_1005Metric,0402WGF2201TCE,1%,50V,62.5mW,1,BLOCKED_NO_EXACT_MAINLAND_EVIDENCE,,,,"current exact MPN is UNI-ROYAL; mainland-China manufacturer criterion not established, so not counted domestic"
R614,2.2k / I2C_SDA_PU A,Resistor_SMD:R_0402_1005Metric,0402WGF2201TCE,1%,50V,62.5mW,1,BLOCKED_NO_EXACT_MAINLAND_EVIDENCE,,,,"current exact MPN is UNI-ROYAL; mainland-China manufacturer criterion not established, so not counted domestic"
R615,5.23k,Resistor_SMD:R_0603_1608Metric,,,,,1,BLOCKED_NO_EXACT_MAINLAND_EVIDENCE,,,,precision function requires 0.1% and <=25ppm; no exact mainland value/package evidence met both
R616,30.1k,Resistor_SMD:R_0603_1608Metric,,,,,1,BLOCKED_NO_EXACT_MAINLAND_EVIDENCE,,,,precision function requires 0.1% and <=25ppm; no exact mainland value/package evidence met both
"R801,R802,R803,R804,R805",22,Resistor_SMD:R_0402_1005Metric,RC0402FR-0722RL,,,,5,BLOCKED_NO_EXACT_MAINLAND_EVIDENCE,,,,exact mainland MPN with full value/package/tolerance/voltage/dielectric/current evidence not proven in current public catalogs
R806,100,Resistor_SMD:R_0402_1005Metric,RC0402FR-07100RL,,,,1,BLOCKED_NO_EXACT_MAINLAND_EVIDENCE,,,,exact mainland MPN with full value/package/tolerance/voltage/dielectric/current evidence not proven in current public catalogs
R813,2.2 1%,Resistor_SMD:R_0603_1608Metric,RC0603FR-072R2L,,,,1,BLOCKED_NO_EXACT_MAINLAND_EVIDENCE,,,,exact mainland MPN with full value/package/tolerance/voltage/dielectric/current evidence not proven in current public catalogs
