current_ref,current_function,target_part,target_pin_or_function,target_net,status
U201,charger/NVDC,SGM41513YTQF24G/TR,VBUS(24),VBUS_USB,READY
U201,charger/NVDC,SGM41513YTQF24G/TR,VAC(1),VBUS_USB,READY
U201,charger/NVDC,SGM41513YTQF24G/TR,PSEL(2),PSEL_500MA_DEFAULT,READY
U201,charger/NVDC,SGM41513YTQF24G/TR,nPG(3),BQ_PG,READY
U201,charger/NVDC,SGM41513YTQF24G/TR,STAT(4),BQ_STAT,READY
U201,charger/NVDC,SGM41513YTQF24G/TR,SCL(5),I2C_SCL,READY
U201,charger/NVDC,SGM41513YTQF24G/TR,SDA(6),I2C_SDA,READY
U201,charger/NVDC,SGM41513YTQF24G/TR,nINT(7),BQ_INT,READY
U201,charger/NVDC,SGM41513YTQF24G/TR,nCE(9),BQ_CE,READY
U201,charger/NVDC,SGM41513YTQF24G/TR,TS(11),BQ_TS,READY
U201,charger/NVDC,SGM41513YTQF24G/TR,nQON(12),BQ_QON,READY
U201,charger/NVDC,SGM41513YTQF24G/TR,BAT(13/14),PACK_BAT,READY
U201,charger/NVDC,SGM41513YTQF24G/TR,SYS(15/16),VSYS_RAW,READY
U201,charger/NVDC,SGM41513YTQF24G/TR,SW(19/20),SGM41513_SW,READY
U201,charger/NVDC,SGM41513YTQF24G/TR,BTST(21),SGM41513_BTST,READY
U201,charger/NVDC,SGM41513YTQF24G/TR,REGN(22),SGM41513_REGN,READY
U201,charger/NVDC,SGM41513YTQF24G/TR,PMID(23),SGM41513_PMID,READY
U401,3V3 buck-boost,SGM62125AXG/TR,VIN(A2/A3),VSYS_RAW,READY
U401,3V3 buck-boost,SGM62125AXG/TR,VOUT(E2/E3),3V3_AON_SRC,READY
U401,3V3 buck-boost,SGM62125AXG/TR,SCL(D1),I2C_SCL,READY
U401,3V3 buck-boost,SGM62125AXG/TR,SDA(E1),I2C_SDA,READY
U401,3V3 buck-boost,SGM62125AXG/TR,ADDR(B1),ADDR_HIGH_START_3V4,READY
U401,3V3 buck-boost,SGM62125AXG/TR,SW1(B2/B3),SGM62125_SW1,READY
U401,3V3 buck-boost,SGM62125AXG/TR,SW2(D2/D3),SGM62125_SW2,READY
U301,fuel gauge,CW2215BAAC,logical WLCSP-9 functions,TBD,BLOCKED_BALL_MAP
U202-U205,USB-C policy,passive Rd + SGM41513 status,remove old CC/status IC nets,TBD,READY_AFTER_CHARGER
