Designator,Manufacturer,MPN,LCSC Part #,In CPL,Assembly status
C201,FH (Fenghua Advanced),0603B473K500NT,C285123,TRUE,JLC_LIBRARY_ID_PRESENT
C202,FH (Fenghua Advanced),0603B105K250NT,C59302,TRUE,JLC_LIBRARY_ID_PRESENT
C203,FH (Fenghua Advanced),1206B106K250NT,C90538,TRUE,JLC_LIBRARY_ID_PRESENT
C204,FH (Fenghua Advanced),0603B334K500NT,C188679,TRUE,JLC_LIBRARY_ID_PRESENT
C205,FH (Fenghua Advanced),0805B475K160NT,C880382,TRUE,JLC_LIBRARY_ID_PRESENT
C206,FH (Fenghua Advanced),0805B106K100NT,C90544,TRUE,JLC_LIBRARY_ID_PRESENT
C207,FH (Fenghua Advanced),0805X226M250NT,C129303,TRUE,JLC_LIBRARY_ID_PRESENT
C208,FH (Fenghua Advanced),0805X226M250NT,C129303,TRUE,JLC_LIBRARY_ID_PRESENT
C209,FH (Fenghua Advanced),0603B105K250NT,C59302,TRUE,JLC_LIBRARY_ID_PRESENT
C301,Seiko Instruments,CPH3225A,,TRUE,MPN_ONLY_REQUIRES_JLC_MAPPING_OR_CONSIGNED_PART
C302,FH (Fenghua Advanced),0402B104K250NT,C56392,TRUE,JLC_LIBRARY_ID_PRESENT
C303,FH (Fenghua Advanced),0402B105K100NT,C1526,TRUE,JLC_LIBRARY_ID_PRESENT
C304,CCTC,TCC0402X5R225M100AT,C18164608,TRUE,JLC_LIBRARY_ID_PRESENT
C401,FH (Fenghua Advanced),0603X226M100NT,C60077,TRUE,JLC_LIBRARY_ID_PRESENT
C402,FH (Fenghua Advanced),0603X226M100NT,C60077,TRUE,JLC_LIBRARY_ID_PRESENT
C403,FH (Fenghua Advanced),0603X226M100NT,C60077,TRUE,JLC_LIBRARY_ID_PRESENT
C501,FH (Fenghua Advanced),0805X226M250NT,C129303,TRUE,JLC_LIBRARY_ID_PRESENT
C502,FH (Fenghua Advanced),0402B104K250NT,C56392,TRUE,JLC_LIBRARY_ID_PRESENT
C503,FH (Fenghua Advanced),0402B104K250NT,C56392,TRUE,JLC_LIBRARY_ID_PRESENT
C504,FH (Fenghua Advanced),0402B104K250NT,C56392,TRUE,JLC_LIBRARY_ID_PRESENT
C505,FH (Fenghua Advanced),0402B104K250NT,C56392,TRUE,JLC_LIBRARY_ID_PRESENT
C506,FH (Fenghua Advanced),0603B106K100NT,,TRUE,MPN_ONLY_REQUIRES_JLC_MAPPING_OR_CONSIGNED_PART
C507,FH (Fenghua Advanced),0603B105K250NT,C59302,TRUE,JLC_LIBRARY_ID_PRESENT
C508,FH (Fenghua Advanced),0603B105K250NT,C59302,TRUE,JLC_LIBRARY_ID_PRESENT
C509,FH (Fenghua Advanced),0603B105K250NT,C59302,TRUE,JLC_LIBRARY_ID_PRESENT
C510,FH (Fenghua Advanced),0603B105K250NT,C59302,TRUE,JLC_LIBRARY_ID_PRESENT
C511,FH (Fenghua Advanced),0603B105K250NT,C59302,TRUE,JLC_LIBRARY_ID_PRESENT
C512,FH (Fenghua Advanced),0402B104K250NT,C56392,TRUE,JLC_LIBRARY_ID_PRESENT
C513,FH (Fenghua Advanced),0603B106K100NT,,TRUE,MPN_ONLY_REQUIRES_JLC_MAPPING_OR_CONSIGNED_PART
C601,FH (Fenghua Advanced),0402B104K250NT,C56392,TRUE,JLC_LIBRARY_ID_PRESENT
C801,FH (Fenghua Advanced),0603B105K250NT,C59302,TRUE,JLC_LIBRARY_ID_PRESENT
C802,FH (Fenghua Advanced),0603B105K250NT,C59302,TRUE,JLC_LIBRARY_ID_PRESENT
C803,FH (Fenghua Advanced),0603B105K250NT,C59302,TRUE,JLC_LIBRARY_ID_PRESENT
C804,Murata,GRM21BR61E475KA12L,,TRUE,MPN_ONLY_REQUIRES_JLC_MAPPING_OR_CONSIGNED_PART
C805,Murata,GRM21BR61E475KA12L,,TRUE,MPN_ONLY_REQUIRES_JLC_MAPPING_OR_CONSIGNED_PART
C806,Murata,GRM21BR61E475KA12L,,TRUE,MPN_ONLY_REQUIRES_JLC_MAPPING_OR_CONSIGNED_PART
C807,Murata,GRM21BR61E475KA12L,,TRUE,MPN_ONLY_REQUIRES_JLC_MAPPING_OR_CONSIGNED_PART
C808,Murata,GRM21BR61E475KA12L,,TRUE,MPN_ONLY_REQUIRES_JLC_MAPPING_OR_CONSIGNED_PART
C809,Murata,GRM21BR61E475KA12L,,TRUE,MPN_ONLY_REQUIRES_JLC_MAPPING_OR_CONSIGNED_PART
C810,Murata,GRM21BR71E105KA99L,,TRUE,MPN_ONLY_REQUIRES_JLC_MAPPING_OR_CONSIGNED_PART
C811,Murata,GRM188R71E104KA01D,,TRUE,MPN_ONLY_REQUIRES_JLC_MAPPING_OR_CONSIGNED_PART
C812,Murata,GRM188R71E104KA01D,,TRUE,MPN_ONLY_REQUIRES_JLC_MAPPING_OR_CONSIGNED_PART
C813,Murata,GRM188R71E104KA01D,,TRUE,MPN_ONLY_REQUIRES_JLC_MAPPING_OR_CONSIGNED_PART
C903,FH (Fenghua Advanced),0603B105K250NT,C59302,TRUE,JLC_LIBRARY_ID_PRESENT
C920,FH (Fenghua Advanced),0805B475K160NT,C880382,TRUE,JLC_LIBRARY_ID_PRESENT
C921,FH (Fenghua Advanced),0402B105K100NT,C1526,TRUE,JLC_LIBRARY_ID_PRESENT
C922,FH (Fenghua Advanced),0402B105K100NT,C1526,TRUE,JLC_LIBRARY_ID_PRESENT
C923,FH (Fenghua Advanced),1206B475K500NT,C29823,TRUE,JLC_LIBRARY_ID_PRESENT
D201,Texas Instruments,TPD4E05U06DQAR,,TRUE,MPN_ONLY_REQUIRES_JLC_MAPPING_OR_CONSIGNED_PART
D202,Texas Instruments,TPD1E10B06DPYR,,TRUE,MPN_ONLY_REQUIRES_JLC_MAPPING_OR_CONSIGNED_PART
D801,onsemi,MBR0530T1G,,TRUE,MPN_ONLY_REQUIRES_JLC_MAPPING_OR_CONSIGNED_PART
D802,onsemi,MBR0530T1G,,TRUE,MPN_ONLY_REQUIRES_JLC_MAPPING_OR_CONSIGNED_PART
D803,onsemi,MBR0530T1G,,TRUE,MPN_ONLY_REQUIRES_JLC_MAPPING_OR_CONSIGNED_PART
D905,CJ,B5819W SL,C8598,TRUE,JLC_LIBRARY_ID_PRESENT
J201,GCT,USB4500-03-0-A,,TRUE,MPN_ONLY_REQUIRES_JLC_MAPPING_OR_CONSIGNED_PART
J301,Hirose,DF58-2P-1.2V(21),,TRUE,MPN_ONLY_REQUIRES_JLC_MAPPING_OR_CONSIGNED_PART
J302,JST,SM03B-SRSS-TB(LF)(SN),C160403,TRUE,JLC_LIBRARY_ID_PRESENT
J501,Molex,104031-0811,,TRUE,MPN_ONLY_REQUIRES_JLC_MAPPING_OR_CONSIGNED_PART
J502,JST,SM02B-SRSS-TB(LF)(SN),C160402,TRUE,JLC_LIBRARY_ID_PRESENT
J802,Hirose,FH12-24S-0.5SH(55),,TRUE,MPN_ONLY_REQUIRES_JLC_MAPPING_OR_CONSIGNED_PART
J803,Hirose,FH34SRJ-6S-0.5SH(50),C224194,TRUE,JLC_LIBRARY_ID_PRESENT
J804,Hirose,FH34SRJ-6S-0.5SH(50),C224194,TRUE,JLC_LIBRARY_ID_PRESENT
L401,Coilcraft,XFL4015-471MEC,C18221164,TRUE,JLC_LIBRARY_ID_PRESENT
L402,Coilcraft,XGL4015-222MEC,,TRUE,MPN_ONLY_REQUIRES_JLC_MAPPING_OR_CONSIGNED_PART
L801,Taiyo Yuden,LSXNE3030KKT470MN,,TRUE,MPN_ONLY_REQUIRES_JLC_MAPPING_OR_CONSIGNED_PART
L905,Sunlord,SWPA252012S100MT,C37428,TRUE,JLC_LIBRARY_ID_PRESENT
Q801,Nexperia,"NX3008NBK,215",,TRUE,MPN_ONLY_REQUIRES_JLC_MAPPING_OR_CONSIGNED_PART
R201,UNI-ROYAL,0603WAF5601T5E,C23189,TRUE,JLC_LIBRARY_ID_PRESENT
R204,UNI-ROYAL,0603WAF1201T5E,C22765,TRUE,JLC_LIBRARY_ID_PRESENT
R206,FH (Guangdong Fenghua Advanced Tech),RC-02K512JT,C453708,TRUE,JLC_LIBRARY_ID_PRESENT
R207,FH (Guangdong Fenghua Advanced Tech),RC-02K512JT,C453708,TRUE,JLC_LIBRARY_ID_PRESENT
R303,UNI-ROYAL,0402WGF1002TCE,C25744,TRUE,JLC_LIBRARY_ID_PRESENT
R306,FOJAN,FRM121WFR010TM,,TRUE,MPN_ONLY_REQUIRES_JLC_MAPPING_OR_CONSIGNED_PART
R501,UNI-ROYAL,0402WGF1003TCE,C25741,TRUE,JLC_LIBRARY_ID_PRESENT
R502,UNI-ROYAL,0402WGF1003TCE,C25741,TRUE,JLC_LIBRARY_ID_PRESENT
R507,UNI-ROYAL,0402WGF1003TCE,C25741,TRUE,JLC_LIBRARY_ID_PRESENT
R508,UNI-ROYAL,0805W8F0000T5E,C17477,TRUE,JLC_LIBRARY_ID_PRESENT
R509,UNI-ROYAL,0805W8F0000T5E,C17477,TRUE,JLC_LIBRARY_ID_PRESENT
R510,UNI-ROYAL,0402WGF1002TCE,C25744,TRUE,JLC_LIBRARY_ID_PRESENT
R511,UNI-ROYAL,0402WGF1002TCE,C25744,TRUE,JLC_LIBRARY_ID_PRESENT
R512,UNI-ROYAL,0402WGF1002TCE,C25744,TRUE,JLC_LIBRARY_ID_PRESENT
R513,UNI-ROYAL,0402WGF1002TCE,C25744,TRUE,JLC_LIBRARY_ID_PRESENT
R514,UNI-ROYAL,0805W8F0000T5E,C17477,TRUE,JLC_LIBRARY_ID_PRESENT
R515,UNI-ROYAL,0805W8F0000T5E,C17477,TRUE,JLC_LIBRARY_ID_PRESENT
R516,UNI-ROYAL,0805W8F0000T5E,C17477,TRUE,JLC_LIBRARY_ID_PRESENT
R517,UNI-ROYAL,0603WAF0000T5E,C21189,TRUE,JLC_LIBRARY_ID_PRESENT
R518,UNI-ROYAL,0603WAF0000T5E,C21189,TRUE,JLC_LIBRARY_ID_PRESENT
R519,UNI-ROYAL,0603WAF0000T5E,C21189,TRUE,JLC_LIBRARY_ID_PRESENT
R520,UNI-ROYAL,0603WAF0000T5E,C21189,TRUE,JLC_LIBRARY_ID_PRESENT
R521,UNI-ROYAL,0603WAF0000T5E,C21189,TRUE,JLC_LIBRARY_ID_PRESENT
R522,UNI-ROYAL,0603WAF0000T5E,C21189,TRUE,JLC_LIBRARY_ID_PRESENT
R523,UNI-ROYAL,0402WGF1002TCE,C25744,TRUE,JLC_LIBRARY_ID_PRESENT
R524,UNI-ROYAL,0402WGF1002TCE,C25744,TRUE,JLC_LIBRARY_ID_PRESENT
R525,UNI-ROYAL,0402WGF1002TCE,C25744,TRUE,JLC_LIBRARY_ID_PRESENT
R526,UNI-ROYAL,0402WGF1002TCE,C25744,TRUE,JLC_LIBRARY_ID_PRESENT
R527,UNI-ROYAL,0402WGF1002TCE,C25744,TRUE,JLC_LIBRARY_ID_PRESENT
R528,UNI-ROYAL,0402WGF1002TCE,C25744,TRUE,JLC_LIBRARY_ID_PRESENT
R814,UNI-ROYAL,0402WGF1002TCE,C25744,TRUE,JLC_LIBRARY_ID_PRESENT
R529,UNI-ROYAL,0402WGF220JTCE,C25092,TRUE,JLC_LIBRARY_ID_PRESENT
R530,UNI-ROYAL,0402WGF220JTCE,C25092,TRUE,JLC_LIBRARY_ID_PRESENT
R600,UNI-ROYAL,0402WGF1002TCE,C25744,TRUE,JLC_LIBRARY_ID_PRESENT
R601,FH (Fenghua Advanced),RC-02K1003FT,C140219,TRUE,JLC_LIBRARY_ID_PRESENT
R604,UNI-ROYAL,0402WGF1003TCE,C25741,TRUE,JLC_LIBRARY_ID_PRESENT
R605,UNI-ROYAL,0402WGF1003TCE,C25741,TRUE,JLC_LIBRARY_ID_PRESENT
R606,UNI-ROYAL,0402WGF1003TCE,C25741,TRUE,JLC_LIBRARY_ID_PRESENT
R607,UNI-ROYAL,0402WGF1003TCE,C25741,TRUE,JLC_LIBRARY_ID_PRESENT
R608,UNI-ROYAL,0402WGF1003TCE,C25741,TRUE,JLC_LIBRARY_ID_PRESENT
R609,UNI-ROYAL,0402WGF1003TCE,C25741,TRUE,JLC_LIBRARY_ID_PRESENT
R610,UNI-ROYAL,0402WGF1003TCE,C25741,TRUE,JLC_LIBRARY_ID_PRESENT
R611,UNI-ROYAL,0402WGF1003TCE,C25741,TRUE,JLC_LIBRARY_ID_PRESENT
R612,UNI-ROYAL,0402WGF1003TCE,C25741,TRUE,JLC_LIBRARY_ID_PRESENT
R613,UNI-ROYAL,0402WGF2201TCE,C25879,TRUE,JLC_LIBRARY_ID_PRESENT
R614,UNI-ROYAL,0402WGF2201TCE,C25879,TRUE,JLC_LIBRARY_ID_PRESENT
R615,UNI-ROYAL,0603WAF5231T5E,C23068,TRUE,JLC_LIBRARY_ID_PRESENT
R616,UNI-ROYAL,0603WAF3012T5E,C23000,TRUE,JLC_LIBRARY_ID_PRESENT
R801,YAGEO,RC0402FR-0722RL,,TRUE,MPN_ONLY_REQUIRES_JLC_MAPPING_OR_CONSIGNED_PART
R802,YAGEO,RC0402FR-0722RL,,TRUE,MPN_ONLY_REQUIRES_JLC_MAPPING_OR_CONSIGNED_PART
R803,YAGEO,RC0402FR-0722RL,,TRUE,MPN_ONLY_REQUIRES_JLC_MAPPING_OR_CONSIGNED_PART
R804,YAGEO,RC0402FR-0722RL,,TRUE,MPN_ONLY_REQUIRES_JLC_MAPPING_OR_CONSIGNED_PART
R805,YAGEO,RC0402FR-0722RL,,TRUE,MPN_ONLY_REQUIRES_JLC_MAPPING_OR_CONSIGNED_PART
R806,YAGEO,RC0402FR-07100RL,,TRUE,MPN_ONLY_REQUIRES_JLC_MAPPING_OR_CONSIGNED_PART
R807,UNI-ROYAL,0402WGF1003TCE,C25741,TRUE,JLC_LIBRARY_ID_PRESENT
R808,UNI-ROYAL,0402WGF1003TCE,C25741,TRUE,JLC_LIBRARY_ID_PRESENT
R809,UNI-ROYAL,0402WGF1003TCE,C25741,TRUE,JLC_LIBRARY_ID_PRESENT
R810,UNI-ROYAL,0402WGF1003TCE,C25741,TRUE,JLC_LIBRARY_ID_PRESENT
R811,UNI-ROYAL,0402WGF1003TCE,C25741,TRUE,JLC_LIBRARY_ID_PRESENT
R812,UNI-ROYAL,0402WGF1003TCE,C25741,TRUE,JLC_LIBRARY_ID_PRESENT
R813,YAGEO,RC0603FR-072R2L,,TRUE,MPN_ONLY_REQUIRES_JLC_MAPPING_OR_CONSIGNED_PART
R903,FOJAN,FRC0603F1000TS,,TRUE,MPN_ONLY_REQUIRES_JLC_MAPPING_OR_CONSIGNED_PART
R904,FOJAN,FRC0603F1000TS,,TRUE,MPN_ONLY_REQUIRES_JLC_MAPPING_OR_CONSIGNED_PART
R910,FH (Fenghua Advanced),THC02H1002BT,C2991528,TRUE,JLC_LIBRARY_ID_PRESENT
R911,FH (Fenghua Advanced),THC02H1002BT,C2991528,TRUE,JLC_LIBRARY_ID_PRESENT
R920,FH (Fenghua Advanced),RS-03K10R0FT,C136596,TRUE,JLC_LIBRARY_ID_PRESENT
R922,FH (Fenghua Advanced),RC-02K1003FT,C140219,TRUE,JLC_LIBRARY_ID_PRESENT
SW201,ALPSALPINE,SKSCLCE010,C139799,TRUE,JLC_LIBRARY_ID_PRESENT
SW202,ALPSALPINE,SKSCLCE010,C139799,TRUE,JLC_LIBRARY_ID_PRESENT
TH301,SEMITEC,103JT-025-600AY,,FALSE,MANUAL_OR_OFFBOARD
U302,Micro Crystal,RV-3028-C7-32.768KHZ-1PPM-TA-QA,C3304278,TRUE,JLC_LIBRARY_ID_PRESENT
U402,Texas Instruments,TPS22916CYFPT,C2680456,TRUE,JLC_LIBRARY_ID_PRESENT
U403,Texas Instruments,TPS22916CYFPT,C2680456,TRUE,JLC_LIBRARY_ID_PRESENT
U404,Texas Instruments,TPS22916CYFPT,C2680456,TRUE,JLC_LIBRARY_ID_PRESENT
U405,Texas Instruments,TPS22916CYFPT,C2680456,TRUE,JLC_LIBRARY_ID_PRESENT
U501,Espressif,ESP32-S3-WROOM-1U-N16R8,,TRUE,MPN_ONLY_REQUIRES_JLC_MAPPING_OR_CONSIGNED_PART
U503,QST (Shanghai QST),QMI8658A,C3021082,TRUE,JLC_LIBRARY_ID_PRESENT
U601,XINLUDA,XL9535,C561273,TRUE,JLC_LIBRARY_ID_PRESENT
U801,Wuxi I-core Elec,AIP74LVC2G17GC363.TR,C3294722,TRUE,JLC_LIBRARY_ID_PRESENT
U802,Wuxi I-core Elec,AIP74LVC2G17GC363.TR,C3294722,TRUE,JLC_LIBRARY_ID_PRESENT
U803,Wuxi I-core Elec,AIP74LVC2G17GC363.TR,C3294722,TRUE,JLC_LIBRARY_ID_PRESENT
U901,SGMICRO,SGM41513YTQF24G/TR,C5153778,TRUE,JLC_LIBRARY_ID_PRESENT
U902,SGMICRO,SGM62125AXG/TR,,TRUE,MPN_ONLY_REQUIRES_JLC_MAPPING_OR_CONSIGNED_PART
U903,Cellwise,CW2217BAAD,,TRUE,MPN_ONLY_REQUIRES_JLC_MAPPING_OR_CONSIGNED_PART
U904,Shenzhen Nsiway Tech,NS4168,C910588,TRUE,JLC_LIBRARY_ID_PRESENT
U905,SGMICRO,SGM37601YTRL20G/TR,,TRUE,MPN_ONLY_REQUIRES_JLC_MAPPING_OR_CONSIGNED_PART
