"Refs","Value","Footprint","Manufacturer","MPN","LCSC","Qty","DNP"
"C1-C3","1u 25V X5R","Capacitor_SMD:C_0603_1608Metric","FH (Fenghua Advanced)","0603B105K250NT","C59302","3",""
"C4-C9","4.7u 25V X5R","Capacitor_SMD:C_0805_2012Metric","Murata","GRM21BR61E475KA12L","C77077","6",""
"C10","1u 25V X7R","Capacitor_SMD:C_0805_2012Metric","Murata","GRM21BR71E105KA99L","C77080","1",""
"C11-C13","100n 25V X7R","Capacitor_SMD:C_0603_1608Metric","Murata","GRM188R71E104KA01D","C77050","3",""
"D1-D3","MBR0530T1G","Diode_SMD:D_SOD-123","onsemi","MBR0530T1G","C82046","3",""
"J1","DF40C-60DP-0.4V(51)","Connector_Hirose_DF40:Hirose_DF40C-60DP-0.4V_2x30-1MP_P0.4mm","Hirose","DF40C-60DP-0.4V(51)","C424647","1",""
"J2","FH12-24S-0.5SH(55)","Connector_FFC-FPC:Hirose_FH12-24S-0.5SH_1x24-1MP_P0.50mm_Horizontal","Hirose","FH12-24S-0.5SH(55)","C202112","1",""
"L1","47u 0.25A","panda-r6-display:L_Taiyo_NRH3010_3030","Taiyo Yuden","LSXNE3030KKT470MN","","1",""
"Q1","NX3008NBK,215","Package_TO_SOT_SMD:SOT-23","Nexperia","NX3008NBK,215","C179399","1",""
"R1-R5","22","Resistor_SMD:R_0402_1005Metric","YAGEO","RC0402FR-0722RL","C114765","5",""
"R6","100","Resistor_SMD:R_0402_1005Metric","YAGEO","RC0402FR-07100RL","C106232","1",""
"R7-R12","100k","Resistor_SMD:R_0402_1005Metric","UNI-ROYAL","0402WGF1003TCE","C25741","6",""
"R13","2.2 1%","Resistor_SMD:R_0603_1608Metric","YAGEO","RC0603FR-072R2L","C112307","1",""
"R14","10k","Resistor_SMD:R_0402_1005Metric","UNI-ROYAL","0402WGF1002TCE","C25744","1",""
"U1-U3","AIP74LVC2G17GC363.TR","Package_TO_SOT_SMD:SOT-363_SC-70-6","Wuxi I-core Elec","AIP74LVC2G17GC363.TR","C3294722","3",""
