Designator,Manufacturer,MPN,LCSC Part #,In CPL,Assembly status,Identity evidence,Evidence URL
C201,FH (Fenghua Advanced),0603B473K500NT,C285123,TRUE,JLC_LIBRARY_ID_PRESENT,PREEXISTING_ID,
C202,FH (Fenghua Advanced),0603B105K250NT,C59302,TRUE,JLC_LIBRARY_ID_PRESENT,PREEXISTING_ID,
C203,FH (Fenghua Advanced),1206B106K250NT,C90538,TRUE,JLC_LIBRARY_ID_PRESENT,PREEXISTING_ID,
C204,FH (Fenghua Advanced),0603B334K500NT,C188679,TRUE,JLC_LIBRARY_ID_PRESENT,PREEXISTING_ID,
C205,FH (Fenghua Advanced),0805B475K160NT,C880382,TRUE,JLC_LIBRARY_ID_PRESENT,PREEXISTING_ID,
C206,FH (Fenghua Advanced),0805B106K100NT,C90544,TRUE,JLC_LIBRARY_ID_PRESENT,PREEXISTING_ID,
C207,FH (Fenghua Advanced),0805X226M250NT,C129303,TRUE,JLC_LIBRARY_ID_PRESENT,PREEXISTING_ID,
C208,FH (Fenghua Advanced),0805X226M250NT,C129303,TRUE,JLC_LIBRARY_ID_PRESENT,PREEXISTING_ID,
C209,FH (Fenghua Advanced),0603B105K250NT,C59302,TRUE,JLC_LIBRARY_ID_PRESENT,PREEXISTING_ID,
C301,Seiko Instruments,CPH3225A,,TRUE,MPN_ONLY_REQUIRES_JLC_MAPPING_OR_CONSIGNED_PART,UNMAPPED,
C302,FH (Fenghua Advanced),0402B104K250NT,C56392,TRUE,JLC_LIBRARY_ID_PRESENT,PREEXISTING_ID,
C303,FH (Fenghua Advanced),0402B105K100NT,C1526,TRUE,JLC_LIBRARY_ID_PRESENT,PREEXISTING_ID,
C304,CCTC,TCC0402X5R225M100AT,C18164608,TRUE,JLC_LIBRARY_ID_PRESENT,PREEXISTING_ID,
C401,FH (Fenghua Advanced),0603X226M100NT,C60077,TRUE,JLC_LIBRARY_ID_PRESENT,PREEXISTING_ID,
C402,FH (Fenghua Advanced),0603X226M100NT,C60077,TRUE,JLC_LIBRARY_ID_PRESENT,PREEXISTING_ID,
C403,FH (Fenghua Advanced),0603X226M100NT,C60077,TRUE,JLC_LIBRARY_ID_PRESENT,PREEXISTING_ID,
C501,FH (Fenghua Advanced),0805X226M250NT,C129303,TRUE,JLC_LIBRARY_ID_PRESENT,PREEXISTING_ID,
C502,FH (Fenghua Advanced),0402B104K250NT,C56392,TRUE,JLC_LIBRARY_ID_PRESENT,PREEXISTING_ID,
C503,FH (Fenghua Advanced),0402B104K250NT,C56392,TRUE,JLC_LIBRARY_ID_PRESENT,PREEXISTING_ID,
C504,FH (Fenghua Advanced),0402B104K250NT,C56392,TRUE,JLC_LIBRARY_ID_PRESENT,PREEXISTING_ID,
C505,FH (Fenghua Advanced),0402B104K250NT,C56392,TRUE,JLC_LIBRARY_ID_PRESENT,PREEXISTING_ID,
C506,FH (Fenghua Advanced),0603B106K100NT,,TRUE,MPN_ONLY_REQUIRES_JLC_MAPPING_OR_CONSIGNED_PART,UNMAPPED,
C507,FH (Fenghua Advanced),0603B105K250NT,C59302,TRUE,JLC_LIBRARY_ID_PRESENT,PREEXISTING_ID,
C508,FH (Fenghua Advanced),0603B105K250NT,C59302,TRUE,JLC_LIBRARY_ID_PRESENT,PREEXISTING_ID,
C509,FH (Fenghua Advanced),0603B105K250NT,C59302,TRUE,JLC_LIBRARY_ID_PRESENT,PREEXISTING_ID,
C510,FH (Fenghua Advanced),0603B105K250NT,C59302,TRUE,JLC_LIBRARY_ID_PRESENT,PREEXISTING_ID,
C511,FH (Fenghua Advanced),0603B105K250NT,C59302,TRUE,JLC_LIBRARY_ID_PRESENT,PREEXISTING_ID,
C512,FH (Fenghua Advanced),0402B104K250NT,C56392,TRUE,JLC_LIBRARY_ID_PRESENT,PREEXISTING_ID,
C513,FH (Fenghua Advanced),0603B106K100NT,,TRUE,MPN_ONLY_REQUIRES_JLC_MAPPING_OR_CONSIGNED_PART,UNMAPPED,
C601,FH (Fenghua Advanced),0402B104K250NT,C56392,TRUE,JLC_LIBRARY_ID_PRESENT,PREEXISTING_ID,
C903,FH (Fenghua Advanced),0603B105K250NT,C59302,TRUE,JLC_LIBRARY_ID_PRESENT,PREEXISTING_ID,
C920,FH (Fenghua Advanced),0805B475K160NT,C880382,TRUE,JLC_LIBRARY_ID_PRESENT,PREEXISTING_ID,
C921,FH (Fenghua Advanced),0402B105K100NT,C1526,TRUE,JLC_LIBRARY_ID_PRESENT,PREEXISTING_ID,
C922,FH (Fenghua Advanced),0402B105K100NT,C1526,TRUE,JLC_LIBRARY_ID_PRESENT,PREEXISTING_ID,
C923,FH (Fenghua Advanced),1206B475K500NT,C29823,TRUE,JLC_LIBRARY_ID_PRESENT,PREEXISTING_ID,
D201,Texas Instruments,TPD4E05U06DQAR,C138714,TRUE,JLC_LIBRARY_ID_PRESENT,EXACT_MANUFACTURER_MPN_VERIFIED,https://www.lcsc.com/product-detail/C138714.html
D202,Texas Instruments,TPD1E10B06DPYR,C48260,TRUE,JLC_LIBRARY_ID_PRESENT,EXACT_MANUFACTURER_MPN_VERIFIED,https://www.lcsc.com/product-detail/C48260.html
D905,CJ,B5819W SL,C8598,TRUE,JLC_LIBRARY_ID_PRESENT,PREEXISTING_ID,
J201,GCT,USB4500-03-0-A,C5354966,TRUE,JLC_LIBRARY_ID_PRESENT,EXACT_MANUFACTURER_MPN_VERIFIED,https://www.lcsc.com/product-detail/C5354966.html
J301,Hirose,DF58-2P-1.2V(21),C597951,TRUE,JLC_LIBRARY_ID_PRESENT,EXACT_MANUFACTURER_MPN_VERIFIED,https://www.lcsc.com/product-detail/C597951.html
J302,JST,SM03B-SRSS-TB(LF)(SN),C160403,TRUE,JLC_LIBRARY_ID_PRESENT,PREEXISTING_ID,
J501,Molex,104031-0811,C585350,TRUE,JLC_LIBRARY_ID_PRESENT,EXACT_MANUFACTURER_MPN_VERIFIED,https://www.lcsc.com/product-detail/C585350.html
J502,JST,SM02B-SRSS-TB(LF)(SN),C160402,TRUE,JLC_LIBRARY_ID_PRESENT,PREEXISTING_ID,
J601,Hirose,DF40C-60DS-0.4V(58),C2880473,TRUE,JLC_LIBRARY_ID_PRESENT,EXACT_MANUFACTURER_MPN_VERIFIED,https://jlcpcb.com/partdetail/HIROSE-DF40C_60DS_0_4V_58/C2880473
J803,Hirose,FH34SRJ-6S-0.5SH(50),C224194,TRUE,JLC_LIBRARY_ID_PRESENT,PREEXISTING_ID,
J804,Hirose,FH34SRJ-6S-0.5SH(50),C224194,TRUE,JLC_LIBRARY_ID_PRESENT,PREEXISTING_ID,
L401,Coilcraft,XFL4015-471MEC,C18221164,TRUE,JLC_LIBRARY_ID_PRESENT,PREEXISTING_ID,
L402,Coilcraft,XGL4015-222MEC,,TRUE,MPN_ONLY_REQUIRES_JLC_MAPPING_OR_CONSIGNED_PART,UNMAPPED,
L905,Sunlord,SWPA252012S100MT,C37428,TRUE,JLC_LIBRARY_ID_PRESENT,PREEXISTING_ID,
R201,UNI-ROYAL,0603WAF5601T5E,C23189,TRUE,JLC_LIBRARY_ID_PRESENT,PREEXISTING_ID,
R204,UNI-ROYAL,0603WAF1201T5E,C22765,TRUE,JLC_LIBRARY_ID_PRESENT,PREEXISTING_ID,
R206,FH (Guangdong Fenghua Advanced Tech),RC-02K512JT,C453708,TRUE,JLC_LIBRARY_ID_PRESENT,PREEXISTING_ID,
R207,FH (Guangdong Fenghua Advanced Tech),RC-02K512JT,C453708,TRUE,JLC_LIBRARY_ID_PRESENT,PREEXISTING_ID,
R303,UNI-ROYAL,0402WGF1002TCE,C25744,TRUE,JLC_LIBRARY_ID_PRESENT,PREEXISTING_ID,
R306,FOJAN,FRM121WFR010TM,C7467248,TRUE,JLC_LIBRARY_ID_PRESENT,EXACT_MANUFACTURER_MPN_VERIFIED,https://www.lcsc.com/product-detail/C7467248.html
R501,UNI-ROYAL,0402WGF1003TCE,C25741,TRUE,JLC_LIBRARY_ID_PRESENT,PREEXISTING_ID,
R502,UNI-ROYAL,0402WGF1003TCE,C25741,TRUE,JLC_LIBRARY_ID_PRESENT,PREEXISTING_ID,
R507,UNI-ROYAL,0402WGF1003TCE,C25741,TRUE,JLC_LIBRARY_ID_PRESENT,PREEXISTING_ID,
R508,UNI-ROYAL,0805W8F0000T5E,C17477,TRUE,JLC_LIBRARY_ID_PRESENT,PREEXISTING_ID,
R509,UNI-ROYAL,0805W8F0000T5E,C17477,TRUE,JLC_LIBRARY_ID_PRESENT,PREEXISTING_ID,
R510,UNI-ROYAL,0402WGF1002TCE,C25744,TRUE,JLC_LIBRARY_ID_PRESENT,PREEXISTING_ID,
R511,UNI-ROYAL,0402WGF1002TCE,C25744,TRUE,JLC_LIBRARY_ID_PRESENT,PREEXISTING_ID,
R512,UNI-ROYAL,0402WGF1002TCE,C25744,TRUE,JLC_LIBRARY_ID_PRESENT,PREEXISTING_ID,
R513,UNI-ROYAL,0402WGF1002TCE,C25744,TRUE,JLC_LIBRARY_ID_PRESENT,PREEXISTING_ID,
R514,UNI-ROYAL,0805W8F0000T5E,C17477,TRUE,JLC_LIBRARY_ID_PRESENT,PREEXISTING_ID,
R515,UNI-ROYAL,0805W8F0000T5E,C17477,TRUE,JLC_LIBRARY_ID_PRESENT,PREEXISTING_ID,
R516,UNI-ROYAL,0805W8F0000T5E,C17477,TRUE,JLC_LIBRARY_ID_PRESENT,PREEXISTING_ID,
R517,UNI-ROYAL,0603WAF0000T5E,C21189,TRUE,JLC_LIBRARY_ID_PRESENT,PREEXISTING_ID,
R518,UNI-ROYAL,0603WAF0000T5E,C21189,TRUE,JLC_LIBRARY_ID_PRESENT,PREEXISTING_ID,
R519,UNI-ROYAL,0603WAF0000T5E,C21189,TRUE,JLC_LIBRARY_ID_PRESENT,PREEXISTING_ID,
R520,UNI-ROYAL,0603WAF0000T5E,C21189,TRUE,JLC_LIBRARY_ID_PRESENT,PREEXISTING_ID,
R521,UNI-ROYAL,0603WAF0000T5E,C21189,TRUE,JLC_LIBRARY_ID_PRESENT,PREEXISTING_ID,
R522,UNI-ROYAL,0603WAF0000T5E,C21189,TRUE,JLC_LIBRARY_ID_PRESENT,PREEXISTING_ID,
R523,UNI-ROYAL,0402WGF1002TCE,C25744,TRUE,JLC_LIBRARY_ID_PRESENT,PREEXISTING_ID,
R524,UNI-ROYAL,0402WGF1002TCE,C25744,TRUE,JLC_LIBRARY_ID_PRESENT,PREEXISTING_ID,
R525,UNI-ROYAL,0402WGF1002TCE,C25744,TRUE,JLC_LIBRARY_ID_PRESENT,PREEXISTING_ID,
R526,UNI-ROYAL,0402WGF1002TCE,C25744,TRUE,JLC_LIBRARY_ID_PRESENT,PREEXISTING_ID,
R527,UNI-ROYAL,0402WGF1002TCE,C25744,TRUE,JLC_LIBRARY_ID_PRESENT,PREEXISTING_ID,
R528,UNI-ROYAL,0402WGF1002TCE,C25744,TRUE,JLC_LIBRARY_ID_PRESENT,PREEXISTING_ID,
R529,UNI-ROYAL,0402WGF220JTCE,C25092,TRUE,JLC_LIBRARY_ID_PRESENT,PREEXISTING_ID,
R530,UNI-ROYAL,0402WGF220JTCE,C25092,TRUE,JLC_LIBRARY_ID_PRESENT,PREEXISTING_ID,
R600,UNI-ROYAL,0402WGF1002TCE,C25744,TRUE,JLC_LIBRARY_ID_PRESENT,PREEXISTING_ID,
R601,FH (Fenghua Advanced),RC-02K1003FT,C140219,TRUE,JLC_LIBRARY_ID_PRESENT,PREEXISTING_ID,
R604,UNI-ROYAL,0402WGF1003TCE,C25741,TRUE,JLC_LIBRARY_ID_PRESENT,PREEXISTING_ID,
R605,UNI-ROYAL,0402WGF1003TCE,C25741,TRUE,JLC_LIBRARY_ID_PRESENT,PREEXISTING_ID,
R606,UNI-ROYAL,0402WGF1003TCE,C25741,TRUE,JLC_LIBRARY_ID_PRESENT,PREEXISTING_ID,
R607,UNI-ROYAL,0402WGF1003TCE,C25741,TRUE,JLC_LIBRARY_ID_PRESENT,PREEXISTING_ID,
R608,UNI-ROYAL,0402WGF1003TCE,C25741,TRUE,JLC_LIBRARY_ID_PRESENT,PREEXISTING_ID,
R609,UNI-ROYAL,0402WGF1003TCE,C25741,TRUE,JLC_LIBRARY_ID_PRESENT,PREEXISTING_ID,
R610,UNI-ROYAL,0402WGF1003TCE,C25741,TRUE,JLC_LIBRARY_ID_PRESENT,PREEXISTING_ID,
R611,UNI-ROYAL,0402WGF1003TCE,C25741,TRUE,JLC_LIBRARY_ID_PRESENT,PREEXISTING_ID,
R612,UNI-ROYAL,0402WGF1003TCE,C25741,TRUE,JLC_LIBRARY_ID_PRESENT,PREEXISTING_ID,
R613,UNI-ROYAL,0402WGF2201TCE,C25879,TRUE,JLC_LIBRARY_ID_PRESENT,PREEXISTING_ID,
R614,UNI-ROYAL,0402WGF2201TCE,C25879,TRUE,JLC_LIBRARY_ID_PRESENT,PREEXISTING_ID,
R615,UNI-ROYAL,0603WAF5231T5E,C23068,TRUE,JLC_LIBRARY_ID_PRESENT,PREEXISTING_ID,
R616,UNI-ROYAL,0603WAF3012T5E,C23000,TRUE,JLC_LIBRARY_ID_PRESENT,PREEXISTING_ID,
R903,FOJAN,FRC0603F1000TS,C2906981,TRUE,JLC_LIBRARY_ID_PRESENT,EXACT_MANUFACTURER_MPN_VERIFIED,https://www.lcsc.com/product-detail/C2906981.html
R904,FOJAN,FRC0603F1000TS,C2906981,TRUE,JLC_LIBRARY_ID_PRESENT,EXACT_MANUFACTURER_MPN_VERIFIED,https://www.lcsc.com/product-detail/C2906981.html
R910,FH (Fenghua Advanced),THC02H1002BT,C2991528,TRUE,JLC_LIBRARY_ID_PRESENT,PREEXISTING_ID,
R911,FH (Fenghua Advanced),THC02H1002BT,C2991528,TRUE,JLC_LIBRARY_ID_PRESENT,PREEXISTING_ID,
R920,FH (Fenghua Advanced),RS-03K10R0FT,C136596,TRUE,JLC_LIBRARY_ID_PRESENT,PREEXISTING_ID,
R922,FH (Fenghua Advanced),RC-02K1003FT,C140219,TRUE,JLC_LIBRARY_ID_PRESENT,PREEXISTING_ID,
SW201,ALPSALPINE,SKSCLCE010,C139799,TRUE,JLC_LIBRARY_ID_PRESENT,PREEXISTING_ID,
SW202,ALPSALPINE,SKSCLCE010,C139799,TRUE,JLC_LIBRARY_ID_PRESENT,PREEXISTING_ID,
TH301,SEMITEC,103JT-025-600AY,,FALSE,MANUAL_OR_OFFBOARD,UNMAPPED,
U302,Micro Crystal,RV-3028-C7-32.768KHZ-1PPM-TA-QA,C3304278,TRUE,JLC_LIBRARY_ID_PRESENT,PREEXISTING_ID,
U402,Texas Instruments,TPS22916CYFPT,C2680456,TRUE,JLC_LIBRARY_ID_PRESENT,PREEXISTING_ID,
U403,Texas Instruments,TPS22916CYFPT,C2680456,TRUE,JLC_LIBRARY_ID_PRESENT,PREEXISTING_ID,
U404,Texas Instruments,TPS22916CYFPT,C2680456,TRUE,JLC_LIBRARY_ID_PRESENT,PREEXISTING_ID,
U405,Texas Instruments,TPS22916CYFPT,C2680456,TRUE,JLC_LIBRARY_ID_PRESENT,PREEXISTING_ID,
U501,Espressif,ESP32-S3-WROOM-1U-N16R8,C3013946,TRUE,JLC_LIBRARY_ID_PRESENT,EXACT_MANUFACTURER_MPN_VERIFIED,https://www.lcsc.com/product-detail/C3013946.html
U503,QST (Shanghai QST),QMI8658A,C3021082,TRUE,JLC_LIBRARY_ID_PRESENT,PREEXISTING_ID,
U601,XINLUDA,XL9535,C561273,TRUE,JLC_LIBRARY_ID_PRESENT,PREEXISTING_ID,
U901,SGMICRO,SGM41513YTQF24G/TR,C5153778,TRUE,JLC_LIBRARY_ID_PRESENT,PREEXISTING_ID,
U902,SGMICRO,SGM62125AXG/TR,,TRUE,MPN_ONLY_REQUIRES_JLC_MAPPING_OR_CONSIGNED_PART,UNMAPPED,
U903,Cellwise,CW2217BAAD,C5203993,TRUE,JLC_LIBRARY_ID_PRESENT,EXACT_MANUFACTURER_MPN_VERIFIED,https://jlcpcb.com/partdetail/Cellwise-CW2217BAAD/C5203993
U904,Shenzhen Nsiway Tech,NS4168,C910588,TRUE,JLC_LIBRARY_ID_PRESENT,PREEXISTING_ID,
U905,SGMICRO,SGM37601YTRL20G/TR,,TRUE,MPN_ONLY_REQUIRES_JLC_MAPPING_OR_CONSIGNED_PART,UNMAPPED,
