Comment,Designator,Footprint,LCSC Part #
47n / CBOOT,C201,C201_CBOOT_0603_SEED,C285123
1u / VBUS,C202,C202_CVBUS_0603_ENVELOPE,C59302
10u / PMID,C203,C203_CPMID_1206_ENVELOPE,C90538
330n / ILIM-RC,C204,C204_ILIM_RC_0603_SEED,C188679
4.7u / REGN,C205,C205_CREGN_0805_ENVELOPE,C880382
10u / BAT,C206,C206_CBAT_0805_ENVELOPE,C90544
22u / CSYS1,C207,C207_CSYS_0805_ENVELOPE,C129303
22u / CSYS2,C208,C208_CSYS_0805_ENVELOPE,C129303
1u,C209,C_0603_1608Metric,C59302
CPH3225A 11mF 3.3V RTC backup candidate,C301,C_1210_3225Metric,
100n / RTC VDD,C302,C_0402_1005Metric,C56392
1u / BQ BAT,C303,C_0402_1005Metric,C1526
2.2u / BQ VDD,C304,C_0402_1005Metric,C18164608
22u / VIN,C401,C_0603_POWER_SEED,C60077
22u / VOUT,"C402,C403",C_0603_POWER_SEED,C60077
22u / ESP32,C501,C_0805_2012Metric,C129303
100n / ESP32,C502,C_0402_1005Metric,C56392
100n / VDD_IO,C503,C_0402_1005Metric,C56392
100n / VDD,C504,C_0402_1005Metric,C56392
100n / AUDIO_VDD,C505,C_0402_1005Metric,C56392
10u / AUDIO_VDD,C506,C_0603_1608Metric,
1u / U405 VIN,C507,C_0603_1608Metric,C59302
1u / U402 VIN,C508,C_0603_1608Metric,C59302
1u / U403 VIN,C509,C_0603_1608Metric,C59302
1u / CHIP_PU,C510,C_0603_1608Metric,C59302
1u / U404 VIN,C511,C_0603_1608Metric,C59302
100n / SD VDD,C512,C_0402_1005Metric,C56392
10u / SD VDD,C513,C_0603_1608Metric,
100n / U601 VCC,C601,C_0402_1005Metric,C56392
1u / CW2217 VCELL,C903,C_0603_1608Metric,C59302
4.7uF 16V X7R / FL_CIN,C920,C_0805_2012Metric,C880382
1uF 10V X7R / FL_VIN,C921,C_0402_1005Metric,C1526
1uF 10V X7R / FL_VDC,C922,C_0402_1005Metric,C1526
4.7uF 50V X7R / FL_COUT,C923,C_1206_3216Metric,C29823
TPD4E05U06DQAR,D201,USON-10_2.5x1.0mm_P0.5mm,
TPD1E10B06DPYR,D202,Texas_DPY0002A_0.6x1mm_P0.65mm,
B5819W SL / FL_RECT,D905,D_SOD-123,C8598
USB4500-03-0-A,J201,USB4500_08mm_MidMount_LayoutReview,
DF58-2P-1.2V(21),J301,Hirose_DF58-2P-1.2V_1x02_P1.2mm_Vertical,
SM03B-SRSS-TB NTC,J302,JST_SH_SM03B-SRSS-TB_1x03-1MP_P1.00mm_Horizontal,C160403
104031-0811 / microSD,J501,microSD_HC_Molex_104031-0811,
SM02B-SRSS-TB,J502,JST_SH_SM02B-SRSS-TB_1x02-1MP_P1.00mm_Horizontal,C160402
DF40C-60DS-0.4V(58),J601,Hirose_DF40C-60DS-0.4V_2x30_P0.4mm,
FH34SRJ-6S-0.5SH(50),"J803,J804",FH34SRJ-6S-0.5SH_50,C224194
0.47uH / M0-PENDING,L401,L401_XFL4015_ENVELOPE,C18221164
2.2u / BQ buck,L402,L402_2U2_ENVELOPE,
10uH / FL_BOOST,L905,L_Sunlord_SWPA252012S,C37428
5.6k / ILIM,R201,R201_ILIM_0603_SEED,C23189
1.2k / ILIM-RC,R204,R204_ILIM_RC_0603_SEED,C22765
5.1k ±5% / USB-C Rd,"R206,R207",R_0402_1005Metric,C453708
10k / RTC EVI PU,R303,R_0402_1005Metric,C25744
10m / CW2217 SHUNT,R306,R_1206_3216Metric,
100k / IMU_INT1,R501,R_0402_1005Metric,C25741
100k / EXP_INT_PU,R502,R_0402_1005Metric,C25741
100k / AUDIO_EN_PD,R507,R_0402_1005Metric,C25741
0R / MB6 AUDIO,R508,R_0805_2012Metric,C17477
0R / MB2 3V3_AON,R509,R_0805_2012Metric,C17477
10k / CHIP_PU,R510,R_0402_1005Metric,C25744
10k / GPIO0,R511,R_0402_1005Metric,C25744
10k / GPIO3,R512,R_0402_1005Metric,C25744
10k / GPIO46,R513,R_0402_1005Metric,C25744
0R / MB3 SD,R514,R_0805_2012Metric,C17477
0R / MB4 TOUCH,R515,R_0805_2012Metric,C17477
0R / MB5 EPD,R516,R_0805_2012Metric,C17477
0R / SD series,"R517,R518,R519,R520,R521,R522",R_0603_1608Metric,C21189
10k / SD pull-up,"R523,R524,R525,R526,R527",R_0402_1005Metric,C25744
10k,R528,R_0402_1005Metric,C25744
22,"R529,R530",R_0402_1005Metric,C25092
10k 1% / PG_PU,R600,R_0402_1005Metric,C25744
100k / FL_HWEN_PD,R601,R_0402_1005Metric,C140219
100k / SD_EN_PD,R604,R_0402_1005Metric,C25741
100k / TOUCH_EN_PD,R605,R_0402_1005Metric,C25741
100k / EPD_EN_PD,R606,R_0402_1005Metric,C25741
100k / BQ_CE_PD,R607,R_0402_1005Metric,C25741
100k / FUEL_PU,R608,R_0402_1005Metric,C25741
100k / BQ_INT_PU,R609,R_0402_1005Metric,C25741
100k / BQ_STAT_PU,R610,R_0402_1005Metric,C25741
100k / KEY_FN_PU,R611,R_0402_1005Metric,C25741
100k / SD_CD_PU,R612,R_0402_1005Metric,C25741
2.2k / I2C_SCL_PU A,R613,R_0402_1005Metric,C25879
2.2k / I2C_SDA_PU A,R614,R_0402_1005Metric,C25879
5.23k,R615,R_0603_1608Metric,C23068
30.1k,R616,R_0603_1608Metric,C23000
100R / CW2217 VDD,R903,R_0603_1608Metric,
100R / CW2217 VCELL,R904,R_0603_1608Metric,
10k / TOUCH_INT_PU,R910,R_0402_1005Metric,C2991528
10k / TOUCH_RST_PU,R911,R_0402_1005Metric,C2991528
10R 1% / FL_VIN_RC,R920,R_0603_1608Metric,C136596
100k / FL_PWM_PD,R922,R_0402_1005Metric,C140219
SKSCLCE010,"SW201,SW202",SW_Alps_SKSCLCE010,C139799
103JT-025-600AY 10k B3435 external NTC,TH301,,
RV-3028-C7,U302,MicroCrystal_C7_SON-8_1.5x3.2mm_P0.9mm,C3304278
TPS22916CYFPT,"U402,U403,U404,U405",TPS22916CYFPT_YFP0004,C2680456
ESP32-S3-WROOM-1U-N16R8,U501,ESP32-S3-WROOM-1U,
QMI8658A,U503,LGA-14_3x2.5mm_P0.5mm_LayoutBorder3x4y,C3021082
XL9535,U601,TCA9535PWR_PW0024A,C561273
SGM41513YTQF24G/TR,U901,SGM41513_YTQF24_4x4_P0.5_EP2.7,C5153778
SGM62125AXG/TR,U902,SGM62125_XG_WLCSP15_1.46x2.3_P0.4,
CW2217BAAD,U903,CW2217BAAD_DFN12_L4.0_W2.5_P0.4_EP,
NS4168,U904,NS4168_ESOP8_EP_L4.9_W3.9_P1.27,C910588
SGM37601YTRL20G/TR,U905,SGM37601_TQFN20_3P5x3P5_EP2P05,
