Designator,Mid X,Mid Y,Rotation,Layer
C511,15.500000,-61.000000,90.000000,Bottom
J601,61.000000,-62.000000,0.000000,Bottom
R512,93.500000,-46.000000,-90.000000,Bottom
R615,18.500000,-15.500000,0.000000,Bottom
R616,18.500000,-18.000000,0.000000,Bottom
C201,43.920000,-5.250000,90.000000,Top
C202,60.100000,-61.500000,90.000000,Top
C203,50.195000,-2.600000,90.000000,Top
C204,50.750000,-9.250000,90.000000,Top
C205,44.295000,-10.700000,-90.000000,Top
C206,49.195000,-10.400000,-90.000000,Top
C207,39.995000,-11.100000,-90.000000,Top
C208,42.195000,-11.100000,-90.000000,Top
C209,47.500000,-61.500000,180.000000,Top
C301,45.000000,-22.500000,90.000000,Top
C302,16.815000,-17.975000,90.000000,Top
C303,44.750000,-15.250000,-90.000000,Top
C304,36.000000,-18.250000,-90.000000,Top
C401,30.025000,-6.075000,-90.000000,Top
C402,34.525000,-4.955000,90.000000,Top
C403,34.375000,-6.855000,0.000000,Top
C501,48.000000,-30.100000,0.000000,Top
C502,55.800000,-30.650000,0.000000,Top
C503,4.000000,-18.500000,0.000000,Top
C504,2.500000,-17.000000,90.000000,Top
C505,10.820000,-19.975000,0.000000,Top
C506,11.250000,-17.750000,0.000000,Top
C507,36.500000,-20.250000,0.000000,Top
C508,33.000000,-21.500000,180.000000,Top
C509,40.000000,-17.250000,180.000000,Top
C510,74.000000,-53.750000,0.000000,Top
C512,10.500000,-25.000000,0.000000,Top
C513,19.750000,-24.500000,0.000000,Top
C601,22.455000,-23.395000,180.000000,Top
C903,48.000000,-32.500000,0.000000,Top
C920,2.500000,-57.000000,0.000000,Top
C921,8.500000,-57.000000,0.000000,Top
C922,11.000000,-57.000000,0.000000,Top
C923,17.600000,-51.000000,0.000000,Top
D201,39.000000,-57.500000,90.000000,Top
D202,48.600000,-60.000000,180.000000,Top
D905,12.750000,-51.000000,0.000000,Top
J201,39.000000,-68.000000,0.000000,Top
J301,49.750000,-23.000000,0.000000,Top
J302,49.250000,-16.500000,90.000000,Top
J501,88.800000,-18.750000,-90.000000,Top
J502,9.000000,-13.500000,0.000000,Top
J803,6.350000,-39.370000,0.000000,Top
J804,6.350000,-45.500000,0.000000,Top
L401,31.725000,-2.975000,0.000000,Top
L402,40.995000,-7.100000,180.000000,Top
L905,8.750000,-51.000000,0.000000,Top
R201,52.000000,-2.000000,90.000000,Top
R204,46.250000,-2.500000,90.000000,Top
R206,54.000000,-61.400000,90.000000,Top
R207,56.000000,-61.700000,90.000000,Top
R303,13.715000,-22.175000,-90.000000,Top
R306,36.000000,-9.250000,0.000000,Top
R501,2.500000,-24.000000,0.000000,Top
R502,27.000000,-5.000000,0.000000,Top
R507,45.000000,-12.500000,0.000000,Top
R508,31.000000,-18.750000,-90.000000,Top
R509,54.500000,-5.250000,180.000000,Top
R510,74.000000,-51.000000,180.000000,Top
R511,74.000000,-56.500000,90.000000,Top
R513,74.800000,-49.000000,0.000000,Top
R514,33.000000,-14.500000,0.000000,Top
R515,43.000000,-14.500000,90.000000,Top
R516,21.650000,-10.200000,90.000000,Top
R517,63.500000,-28.000000,0.000000,Top
R518,33.000000,-27.000000,0.000000,Top
R519,27.000000,-27.000000,0.000000,Top
R520,57.000000,-27.000000,0.000000,Top
R521,13.500000,-28.000000,0.000000,Top
R522,57.000000,-29.000000,0.000000,Top
R523,24.500000,-24.500000,0.000000,Top
R524,28.000000,-24.500000,0.000000,Top
R525,34.000000,-24.500000,0.000000,Top
R526,13.000000,-19.250000,0.000000,Top
R527,19.250000,-16.250000,0.000000,Top
R528,74.000000,-59.250000,90.000000,Top
R529,71.500000,-59.000000,0.000000,Top
R530,69.500000,-61.500000,0.000000,Top
R600,24.500000,-23.250000,180.000000,Top
R601,21.000000,-17.750000,90.000000,Top
R604,42.000000,-24.500000,0.000000,Top
R605,40.000000,-13.500000,0.000000,Top
R606,27.000000,-3.750000,0.000000,Top
R607,42.550000,-1.600000,0.000000,Top
R608,26.750000,-10.000000,0.000000,Top
R609,38.000000,-11.500000,0.000000,Top
R610,47.000000,-12.500000,0.000000,Top
R611,19.800000,-15.300000,180.000000,Top
R612,12.500000,-25.000000,180.000000,Top
R613,16.750000,-14.000000,180.000000,Top
R614,16.750000,-12.750000,180.000000,Top
R903,37.000000,-31.000000,0.000000,Top
R904,37.000000,-34.000000,0.000000,Top
R910,12.700000,-38.500000,0.000000,Top
R911,12.700000,-41.000000,0.000000,Top
R920,5.750000,-57.000000,0.000000,Top
R922,13.500000,-57.000000,0.000000,Top
SW201,2.300000,-6.750000,-90.000000,Top
SW202,2.300000,-13.250000,-90.000000,Top
U302,18.215000,-20.675000,90.000000,Top
U402,33.000000,-17.500000,-90.000000,Top
U403,37.500000,-17.500000,-90.000000,Top
U404,23.500000,-30.500000,-90.000000,Top
U405,36.500000,-22.000000,90.000000,Top
U501,85.600000,-58.620000,180.000000,Top
U503,2.500000,-21.000000,90.000000,Top
U601,25.655000,-18.195000,180.000000,Top
U901,47.200000,-6.800000,0.000000,Top
U902,31.725000,-6.975000,0.000000,Top
U903,42.600000,-32.650000,0.000000,Top
U904,13.750000,-33.000000,0.000000,Top
U905,4.000000,-52.500000,0.000000,Top
